Dist Code,Year,State Code,State Name,Dist Name,JANUARY RAINFALL (Millimeters),FEBRUARY RAINFALL (Millimeters),MARCH RAINFALL (Millimeters),APRIL RAINFALL (Millimeters),MAY RAINFALL (Millimeters),JUNE RAINFALL (Millimeters),JULY RAINFALL (Millimeters),AUGUST RAINFALL (Millimeters),SEPTEMBER RAINFALL (Millimeters),OCTOBER RAINFALL (Millimeters),NOVEMBER RAINFALL (Millimeters),DECEMBER RAINFALL (Millimeters)
83,1990,11,Tamil Nadu,Chengalpattu MGR Kancheepuram,30.6,2.1,17.5,4.5,254,36.1,89,99.5,188.8,344.3,271.7,49.9
83,1991,11,Tamil Nadu,Chengalpattu MGR Kancheepuram,18.2,2.1,0,4.1,5.8,242.4,59.8,136.7,151.4,281.7,538.3,4.1
83,1992,11,Tamil Nadu,Chengalpattu MGR Kancheepuram,11.4,0,0,11.1,23.9,6.9,67.3,117.1,112.9,124.4,378.6,93.8
83,1993,11,Tamil Nadu,Chengalpattu MGR Kancheepuram,0,3.6,0.6,0,38.1,41.8,65.7,169,168.8,239.4,427.9,233.2
83,1994,11,Tamil Nadu,Chengalpattu MGR Kancheepuram,0.5,16.1,0.6,0,35.7,38.5,99.2,138.7,87.2,312.5,437.7,145.3
83,1995,11,Tamil Nadu,Chengalpattu MGR Kancheepuram,81.5,1.6,8.5,1.9,275,93.1,107.7,257.8,200.4,204.3,153,2
83,1996,11,Tamil Nadu,Chengalpattu MGR Kancheepuram,0.2,0,0,44.5,5.6,396.9,55.8,107.3,166.3,246.2,249,412.4
83,1997,11,Tamil Nadu,Chengalpattu MGR Kancheepuram,32.1,7.2,0,22.7,5.5,43.8,41.2,73.4,217.2,214.4,519.5,317.5
83,1998,11,Tamil Nadu,Chengalpattu MGR Kancheepuram,0,9.2,0,1.7,21.7,20.2,67.9,223.8,248,185.2,523.8,170.6
83,1999,11,Tamil Nadu,Chengalpattu MGR Kancheepuram,9.6,0,0,200.3,34.2,25.4,71,136.8,69.1,199.7,253.1,121.6
83,2000,11,Tamil Nadu,Chengalpattu MGR Kancheepuram,2.8,203,0.2,17.3,33,89.1,70.8,74.2,79.1,150.8,158.9,88.5
83,2001,11,Tamil Nadu,Chengalpattu MGR Kancheepuram,4.8,0,0,74.9,28.7,36.4,96.3,47.6,137.5,226.2,171,205.2
83,2002,11,Tamil Nadu,Chengalpattu MGR Kancheepuram,20.5,0.3,0,0,32.2,46.3,24.1,82.7,75.5,200.9,264.3,61
83,2003,11,Tamil Nadu,Chengalpattu MGR Kancheepuram,0.1,0,13.5,14.1,14.5,46.7,239.5,219.8,177.3,234.7,132.7,43.2
83,2004,11,Tamil Nadu,Chengalpattu MGR Kancheepuram,14.2,0,7.7,16.4,222.1,41.8,29.2,32.8,313.2,253.2,195,3.6
83,2005,11,Tamil Nadu,Chengalpattu MGR Kancheepuram,0,0.5,9,130,30.2,32.9,98.9,81.5,80.2,516.4,576.7,377.9
83,2006,11,Tamil Nadu,Chengalpattu MGR Kancheepuram,16.1,0,26.5,3.7,14.7,87.2,65.7,32.6,129.6,414.5,232.3,57.7
83,2007,11,Tamil Nadu,Chengalpattu MGR Kancheepuram,0,1.6,0,19.4,14.4,69.5,116.6,190.2,154.2,263.6,98.2,296.6
83,2008,11,Tamil Nadu,Chengalpattu MGR Kancheepuram,28.8,18.8,150.9,13.5,18.6,52.2,43.3,99.7,117.8,295.7,507.8,36.3
83,2009,11,Tamil Nadu,Chengalpattu MGR Kancheepuram,16,0,6.6,0,43.8,11.3,41.8,93.9,73.6,46.5,493.8,259.5
83,2010,11,Tamil Nadu,Chengalpattu MGR Kancheepuram,4.7,0.1,0,0,191.1,107.9,93.3,209.4,116.1,192,291.9,260.9
83,2011,11,Tamil Nadu,Chengalpattu MGR Kancheepuram,5.6,36.1,0,55.9,29.8,-1,-1,-1,-1,-1,-1,-1
83,2012,11,Tamil Nadu,Chengalpattu MGR Kancheepuram,7.9,0,0,0.1,5.9,31.6,75.1,141.9,93.8,318.4,95.3,132.6
83,2013,11,Tamil Nadu,Chengalpattu MGR Kancheepuram,0,24.3,13.7,0,16.7,73.8,135.3,153.3,172.8,137.1,116.9,61.4
83,2014,11,Tamil Nadu,Chengalpattu MGR Kancheepuram,0.5,3.4,0,0,35.7,117.6,50.9,130.9,130.6,196.3,135,106.9
83,2015,11,Tamil Nadu,Chengalpattu MGR Kancheepuram,1.7,0,0,49.5,45.4,32.2,102.2,140.4,70.3,179.8,1061.3,574
83,2016,11,Tamil Nadu,Chengalpattu MGR Kancheepuram,0.4,0,0,0,173.2,81.6,76.6,112.7,213.3,28.6,26.1,280
83,2017,11,Tamil Nadu,Chengalpattu MGR Kancheepuram,16.4,0.1,0,0,14.4,67.8,98.8,228.6,98.7,287.6,335.7,49.3
84,1990,11,Tamil Nadu,South Arcot Cuddalore,79.4,16.8,30.9,3.6,76.3,30.7,49.6,157.5,141.4,223.1,122.7,57.4
84,1991,11,Tamil Nadu,South Arcot Cuddalore,10.1,6,0,8.4,2.8,73.7,17.6,111.8,112.8,277.1,414.2,20.2
84,1992,11,Tamil Nadu,South Arcot Cuddalore,0.9,0,0,4,11.2,37.3,70.8,44.6,179,148.3,362.3,120.2
84,1993,11,Tamil Nadu,South Arcot Cuddalore,0,8.5,0.8,0,8.8,90,66.6,133.8,137.3,219.4,380,311.8
84,1994,11,Tamil Nadu,South Arcot Cuddalore,1.1,39.1,0,0.4,31,21.5,56.4,113.5,52.7,148.3,284.6,72.1
84,1995,11,Tamil Nadu,South Arcot Cuddalore,21.5,1.7,10.9,1.6,163.4,51.8,99.3,123.5,188.4,141.3,135.6,8.6
84,1996,11,Tamil Nadu,South Arcot Cuddalore,0.3,0,0,44.5,32.4,225.2,37.9,139.1,180,176,237.1,762.6
84,1997,11,Tamil Nadu,South Arcot Cuddalore,13,17.1,11.2,38.6,55.9,37,47,96,155.9,196.6,514.2,355.3
84,1998,11,Tamil Nadu,South Arcot Cuddalore,1.3,0.3,0,0,57.7,4.2,35.3,91.5,96.8,178.4,379,416.2
84,1999,11,Tamil Nadu,South Arcot Cuddalore,1.5,4.8,0,50.3,56.9,20.6,83.6,49.5,77.2,284.4,451.5,115
84,2000,11,Tamil Nadu,South Arcot Cuddalore,30.8,30.8,30.8,30.8,30.8,30.8,30.8,30.8,30.8,30.8,30.8,30.8
84,2001,11,Tamil Nadu,South Arcot Cuddalore,2.7,0,0,21.5,37.3,25.7,95.2,82.5,85.1,207.4,146.1,141.6
84,2002,11,Tamil Nadu,South Arcot Cuddalore,26.1,174.2,0,0,25,46.2,61.6,19.8,73.2,236.5,226.9,106.7
84,2003,11,Tamil Nadu,South Arcot Cuddalore,0,0,0.2,21.5,70.8,30.4,84.3,224.8,94.5,304.4,446.7,28.1
84,2004,11,Tamil Nadu,South Arcot Cuddalore,21.6,0,7.5,0.4,250.1,81.4,27.6,75.1,253.8,503.1,389.1,16.3
84,2005,11,Tamil Nadu,South Arcot Cuddalore,1.5,7.9,1.6,129.3,75.2,2.2,41,79.6,217.5,260.4,824.3,261.4
84,2006,11,Tamil Nadu,South Arcot Cuddalore,29.7,0,9.7,6.6,50.4,54.6,38,51.9,102,471.5,407.1,128.7
84,2007,11,Tamil Nadu,South Arcot Cuddalore,0,11.5,0,17.8,24.9,17.8,104.1,143.3,65.3,422,87.9,327.8
84,2008,11,Tamil Nadu,South Arcot Cuddalore,73.3,28,272.5,3.9,41.8,50.4,59,92.7,78.7,257.4,728,151.1
84,2009,11,Tamil Nadu,South Arcot Cuddalore,20.2,0,69.1,36.6,21.3,39,61.4,125.4,105.9,54.3,372.5,163.1
84,2010,11,Tamil Nadu,South Arcot Cuddalore,2.3,0,0,0.6,137.5,68.5,36.3,149.9,108.2,145.4,553.3,345
84,2011,11,Tamil Nadu,South Arcot Cuddalore,45.2,24.8,0,105.2,15.4,-1,-1,-1,-1,-1,-1,-1
84,2012,11,Tamil Nadu,South Arcot Cuddalore,5.6,0,5.1,14.8,24,2.4,55.4,78.6,109.1,479.6,94.3,13.9
84,2013,11,Tamil Nadu,South Arcot Cuddalore,0.1,21.2,28.8,0.1,30.5,51.7,38.1,239.2,125.4,114.8,236.7,91.1
84,2014,11,Tamil Nadu,South Arcot Cuddalore,1.9,13.7,0,0,174.1,52.4,41.6,169.2,69.5,309.7,238,147.8
84,2015,11,Tamil Nadu,South Arcot Cuddalore,14.7,0,0.4,64.1,95.7,72.2,83.3,88.1,46.7,99.1,726.4,415
84,2016,11,Tamil Nadu,South Arcot Cuddalore,0.7,0.1,0.4,0,96.9,104.1,66.9,117,58,60.6,32.1,37.7
84,2017,11,Tamil Nadu,South Arcot Cuddalore,114,0.3,12.4,0,11,65.3,69,211.1,121.9,202.9,391.4,181.6
85,1990,11,Tamil Nadu,North Arcot Vellore,36.3,12.3,33.1,14,123.9,31.9,41.4,91.9,213.4,134.5,144.4,18
85,1991,11,Tamil Nadu,North Arcot Vellore,1.9,0,0.5,19,10.6,168.2,32.9,148.1,149,298.7,309.5,1.4
85,1992,11,Tamil Nadu,North Arcot Vellore,12,0,0,7.2,30.2,45.4,76.5,86.7,119.2,193.6,218.4,19.2
85,1993,11,Tamil Nadu,North Arcot Vellore,0,3.7,2.7,2.6,50.2,81.3,89.3,101.9,255.7,146.6,276.5,138.4
85,1994,11,Tamil Nadu,North Arcot Vellore,2.8,1.8,0,9.6,78.8,48,114.6,145.5,102.4,175.7,179,9.6
85,1995,11,Tamil Nadu,North Arcot Vellore,35.6,2,12.9,0.6,268.9,123.2,143.9,308.8,139.9,118.9,46.4,0.2
85,1996,11,Tamil Nadu,North Arcot Vellore,0,0,1.2,56.9,29.9,247,80,194.7,285,190.6,112.1,348.9
85,1997,11,Tamil Nadu,North Arcot Vellore,11.4,5.2,14.2,50.6,43.9,80.5,59.6,88.1,226.1,141.9,198.6,94.2
85,1998,11,Tamil Nadu,North Arcot Vellore,0,0.3,0,22.7,32.2,25,108.9,168.8,206.4,158.9,199.9,77.8
85,1999,11,Tamil Nadu,North Arcot Vellore,0.8,0.7,0,13.2,52,39.2,26.6,64.9,63.3,120.6,112.1,62.5
85,2000,11,Tamil Nadu,North Arcot Vellore,0,30.9,0,17.8,44.3,39.3,56.4,138.1,181.5,146.7,60,31.6
85,2001,11,Tamil Nadu,North Arcot Vellore,3.7,0,2.1,60.2,44.5,20.6,124.5,40.5,184.3,168.6,32.4,42.4
85,2002,11,Tamil Nadu,North Arcot Vellore,2,0.1,8,7.2,61.2,91.3,29.1,50.8,83,160.7,48.2,42.5
85,2003,11,Tamil Nadu,North Arcot Vellore,0,0,31.2,15,18.8,69.8,261.8,151.8,99.5,199.7,28.4,14.3
85,2004,11,Tamil Nadu,North Arcot Vellore,1.7,0,0.8,22.5,259.6,40.7,118.7,15.1,204.8,136.6,103.1,0.7
85,2005,11,Tamil Nadu,North Arcot Vellore,0,15,12.3,88.6,80.5,72.8,89.1,108.4,168.9,353,191.3,148.1
85,2006,11,Tamil Nadu,North Arcot Vellore,32,0,34.8,26.1,55.3,121.2,34.4,75.5,196.6,162,109.6,37.1
85,2007,11,Tamil Nadu,North Arcot Vellore,0,1,0,59.9,64.4,85.5,186,183.8,124.2,159.1,65.3,216.7
85,2008,11,Tamil Nadu,North Arcot Vellore,11.4,2.9,66.9,10.6,83.3,44.5,70.6,87,110.2,115.7,247.7,7.1
85,2009,11,Tamil Nadu,North Arcot Vellore,2.4,0,1.2,10.8,71.1,44.4,65,121.1,121.6,73,437.5,148.7
85,2010,11,Tamil Nadu,North Arcot Vellore,11.4,0,0,0,74.2,116.8,123.3,99.7,117,88.9,234,87.8
85,2011,11,Tamil Nadu,North Arcot Vellore,0,34.4,0,66.4,43.6,-1,-1,-1,-1,-1,-1,-1
85,2012,11,Tamil Nadu,North Arcot Vellore,3.4,0,0.6,10,44,49.4,130.1,120.6,74,195.5,124.1,58.2
85,2013,11,Tamil Nadu,North Arcot Vellore,0,20.9,25,16.6,70.4,82,54,127.3,191.8,145,55.8,3.8
85,2014,11,Tamil Nadu,North Arcot Vellore,0.1,4.7,5.6,0.5,91.3,94.3,69.3,94,142.4,108.1,51.8,23.6
85,2015,11,Tamil Nadu,North Arcot Vellore,1.3,0.3,10.5,92.5,62.7,103.2,56.6,153.3,131.5,140.2,524.1,83
85,2016,11,Tamil Nadu,North Arcot Vellore,0.9,0,0.2,0,81.8,142.6,159.2,53,65.2,28.9,9.1,140
85,2017,11,Tamil Nadu,North Arcot Vellore,23.1,0,6,6.3,94.5,59.8,50.3,259.2,204.4,216.6,58.9,63.3
86,1990,11,Tamil Nadu,Salem,13.7,23.5,17.9,39.9,58.7,13.1,43.3,101.5,108.8,71.5,66.3,12.7
86,1991,11,Tamil Nadu,Salem,9.6,5.6,0.5,86.1,31.5,119.6,32.2,94.6,129.5,225.6,229.5,3
86,1992,11,Tamil Nadu,Salem,0,0,0,4.2,66.4,56.8,64.3,78.8,215.1,105.1,193.2,8.6
86,1993,11,Tamil Nadu,Salem,0,1.9,11.4,5.9,60.1,103.3,72.6,119.1,112.9,236.9,162.6,81.1
86,1994,11,Tamil Nadu,Salem,1.8,4.9,6.4,38.2,125.2,11.7,76.8,40.4,116.9,216.7,146.3,9
86,1995,11,Tamil Nadu,Salem,0.9,0,11.2,65,119.8,71.3,94.8,154.6,95.6,124.2,96.8,0
86,1996,11,Tamil Nadu,Salem,0,0,0,101.3,60.3,93.6,47.3,154.6,177.5,143,37.2,149
86,1997,11,Tamil Nadu,Salem,1.7,8.9,20.1,52.4,55.7,31.8,63.4,76.8,179,211.9,233.8,83.7
86,1998,11,Tamil Nadu,Salem,0.7,0,0.1,12.2,80,38.4,115.8,239.1,106.3,195.6,147.1,148
86,1999,11,Tamil Nadu,Salem,0,0,0,67.1,136.5,59.9,69,112.5,154.5,241.5,187.9,41.1
86,2000,11,Tamil Nadu,Salem,0.7,13,0.3,34.7,105.3,22.5,22.9,152.6,275,126.4,121.6,58.3
86,2001,11,Tamil Nadu,Salem,1.3,0,3.4,104.7,43.3,14.5,122.2,80.2,180,117.7,58.5,22.7
86,2002,11,Tamil Nadu,Salem,0.4,3.4,8.4,10.4,79.6,35,26.9,70.7,77.4,129,88.3,6.3
86,2003,11,Tamil Nadu,Salem,0,1.7,45.5,46.8,90.4,72.1,88.7,209.3,61.1,260.9,82.4,17.6
86,2004,11,Tamil Nadu,Salem,0,0,0.3,46,344.4,47.4,107.4,38.3,141.6,196.1,82.4,0
86,2005,11,Tamil Nadu,Salem,0,2.2,16.3,125.1,57.2,36.5,82.1,154.6,134.9,282,260.6,64.5
86,2006,11,Tamil Nadu,Salem,43,0,37,30.3,86.2,46.5,30,102.1,192.7,191.5,142.3,13.6
86,2007,11,Tamil Nadu,Salem,0.1,0.5,0,59.8,28.8,30.3,114.1,205.3,138.3,171.9,46.6,157.1
86,2008,11,Tamil Nadu,Salem,4.6,10.4,99.4,35.5,132.2,53.1,95.8,244.9,72.5,148.8,197,13.2
86,2009,11,Tamil Nadu,Salem,2.3,0,16.9,42.4,130.4,12.3,46.7,92,241,55.9,287.3,93.2
86,2010,11,Tamil Nadu,Salem,5.1,0,0,0,124.2,124.5,111.9,202.8,106.6,165,328.7,70.5
86,2011,11,Tamil Nadu,Salem,2.4,6.3,20.5,144.1,46.8,-1,-1,-1,-1,-1,-1,-1
86,2012,11,Tamil Nadu,Salem,0,0,0,36.1,79.2,52.4,99.4,144.6,144.6,198.3,62,14.9
86,2013,11,Tamil Nadu,Salem,0,13,1.2,38.1,30.8,84.8,45.2,141.2,221,123.4,89.6,42.6
86,2014,11,Tamil Nadu,Salem,0,1.1,6.8,5.1,142.2,80.1,22.2,122.7,144.8,253.3,53.9,25.5
86,2015,11,Tamil Nadu,Salem,17.5,4.5,30,143.3,103.7,80.3,31.9,104,132.1,152.2,276.5,59.3
86,2016,11,Tamil Nadu,Salem,0,0,0,2.8,128.4,83.6,139.4,99.7,23.3,35.4,6.7,58.2
86,2017,11,Tamil Nadu,Salem,12.2,0,32.9,22.4,112.6,24.5,37.4,199.4,223.4,212.1,64,65.8
87,1990,11,Tamil Nadu,Coimbatore,56.7,0,34.5,53.7,78.6,12.2,12.5,23,16.9,178.4,112.6,15.4
87,1991,11,Tamil Nadu,Coimbatore,20.8,0,11.1,50,54.5,56,54.1,27.3,37.3,87.4,61.1,7
87,1992,11,Tamil Nadu,Coimbatore,0.1,0,0,15.9,61.5,61,35.5,29.8,143.7,62.8,251.8,18.9
87,1993,11,Tamil Nadu,Coimbatore,0,10.6,12,7.5,68.7,20.6,27,28.6,26.4,168.2,278.8,41.9
87,1994,11,Tamil Nadu,Coimbatore,11.6,13.3,4.3,94.3,50.2,21.5,49.8,2.9,57.3,238.8,173.9,1.3
87,1995,11,Tamil Nadu,Coimbatore,0.7,0.2,3.9,43.3,74.1,12.4,28.3,34.8,19.6,72,99.5,0
87,1996,11,Tamil Nadu,Coimbatore,3.3,12.1,6.4,97.3,26.5,41.8,32.1,49.7,66.7,156.2,62.2,176.1
87,1997,11,Tamil Nadu,Coimbatore,10,9.8,30,29.5,52.4,29.1,48.4,24.4,62,234.3,302.8,73
87,1998,11,Tamil Nadu,Coimbatore,0,0,0.4,22.8,29.4,24.1,61.1,68.3,47.8,40,226.4,147.7
87,1999,11,Tamil Nadu,Coimbatore,0.4,7.7,0.7,54.5,34,12.2,18.2,18.7,43.8,421.6,128.2,32.3
87,2000,11,Tamil Nadu,Coimbatore,2.4,54,2.1,54,29.1,30.4,32.6,128.4,166.9,36.3,101.1,47.8
87,2001,11,Tamil Nadu,Coimbatore,6.1,0.4,3.8,126.4,14.1,47.9,30.5,29,46.4,129.5,140.1,32.3
87,2002,11,Tamil Nadu,Coimbatore,1.5,2.3,20,14.6,25,22.1,20,36,35.2,188.5,59,23.8
87,2003,11,Tamil Nadu,Coimbatore,0,12.8,131.4,55.9,19.9,22.8,17.7,33.8,15.8,187.8,109.4,8.2
87,2004,11,Tamil Nadu,Coimbatore,16.4,0.3,3.7,57.9,140.4,27.2,42.8,34.8,128.5,153.5,106.3,0.4
87,2005,11,Tamil Nadu,Coimbatore,7.7,20.7,45.6,119.8,131.1,25.7,76.6,39,363,242.1,202.1,61.5
87,2006,11,Tamil Nadu,Coimbatore,17.7,0,55.8,40.2,66.1,31.6,22.3,27.1,60.5,133.6,308.8,1.9
87,2007,11,Tamil Nadu,Coimbatore,5.2,5.9,0,56.9,71.5,36.8,39.1,77.1,51.3,197.6,51,129.4
87,2008,11,Tamil Nadu,Coimbatore,3.6,21.4,112.1,28.4,50.3,145.1,212.8,207.6,129.5,240.4,54.5,17.3
87,2009,11,Tamil Nadu,Coimbatore,1.3,0,46.2,28.7,82.4,40.3,12.7,120.6,283.8,35.1,155.4,41.4
87,2010,11,Tamil Nadu,Coimbatore,1.8,0,1.9,58.9,168.6,34.1,40,55.3,58.6,168.7,234.2,34.1
87,2011,11,Tamil Nadu,Coimbatore,0,82.9,8.5,140.6,45.5,-1,-1,-1,-1,-1,-1,-1
87,2012,11,Tamil Nadu,Coimbatore,1.8,0.8,0.1,68.9,47,41.8,48.3,44.1,28.2,229.6,42.5,6.4
87,2013,11,Tamil Nadu,Coimbatore,0,57.8,19.1,54.2,47.9,154.4,126.2,93.3,87.5,160.4,70.6,26.9
87,2014,11,Tamil Nadu,Coimbatore,1.2,3.9,20.2,19.6,101.2,112.5,229.8,249,172.9,258.7,16.5,36.4
87,2015,11,Tamil Nadu,Coimbatore,0,0,27.3,129.8,185.2,104.6,52.2,60.3,92.3,113.1,193.1,34.9
87,2016,11,Tamil Nadu,Coimbatore,22.8,0.2,14.3,20.8,82.9,71.1,88.8,40.9,21.8,83.1,14.1,44.8
87,2017,11,Tamil Nadu,Coimbatore,10.4,0,60.9,23.6,86,73.1,59.2,115,262.7,105.9,44.5,32.2
88,1990,11,Tamil Nadu,Tiruchirapalli Trichy,56.7,12.8,29.3,10,54.4,6.6,12,68.9,134.7,104.9,54.7,40.8
88,1991,11,Tamil Nadu,Tiruchirapalli Trichy,7.1,1,0.1,31.7,13,86.8,3.9,50.7,144.9,154,191.1,31.9
88,1992,11,Tamil Nadu,Tiruchirapalli Trichy,0,0,0,12.4,37,38,58.9,26.5,173,84.3,325.6,61.8
88,1993,11,Tamil Nadu,Tiruchirapalli Trichy,0,0.5,3.5,2.1,16.1,66.2,32.1,85,94.6,186.1,295.2,209
88,1994,11,Tamil Nadu,Tiruchirapalli Trichy,0,27,0.6,44.6,113.3,1.1,13.8,35.2,80.2,172.3,152.7,25.8
88,1995,11,Tamil Nadu,Tiruchirapalli Trichy,1.7,0,6.7,14.9,108.9,19.7,59.4,99.4,67,96,88.5,1.5
88,1996,11,Tamil Nadu,Tiruchirapalli Trichy,0.3,0,0,29.3,36.8,70.3,23.7,132,127.3,91.4,71.1,230.4
88,1997,11,Tamil Nadu,Tiruchirapalli Trichy,18.1,10.2,6.1,49.1,40.9,36.9,14.4,7,117.2,205.5,272.8,104.4
88,1998,11,Tamil Nadu,Tiruchirapalli Trichy,0.3,1.9,0,9.8,49.8,2.2,37.1,152.1,155.8,93.2,266.4,200.3
88,1999,11,Tamil Nadu,Tiruchirapalli Trichy,0,1.5,0,64.1,73.2,15.9,7.6,75.1,38.1,173.9,302.7,39.8
88,2000,11,Tamil Nadu,Tiruchirapalli Trichy,15.2,10,0,37.8,34.7,1.3,36,114.8,169.8,101.2,187.3,55
88,2001,11,Tamil Nadu,Tiruchirapalli Trichy,2.1,0.1,0,44.8,25.1,8.8,54.3,27.6,106.8,95.9,100.6,46
88,2002,11,Tamil Nadu,Tiruchirapalli Trichy,0.1,44.5,0,2.6,65,68.1,3.3,38.9,76.3,151.6,54.7,10.7
88,2003,11,Tamil Nadu,Tiruchirapalli Trichy,0.7,0,23.5,19.5,84.6,34,52.5,167,116.5,217.4,181.5,13.7
88,2004,11,Tamil Nadu,Tiruchirapalli Trichy,1.8,0,0,7.1,272,19.7,88.3,6.3,243.4,225.1,138.9,0.9
88,2005,11,Tamil Nadu,Tiruchirapalli Trichy,0.2,0.7,20.8,126.4,93.8,2.9,80,72.2,89.8,330,376.3,152.3
88,2006,11,Tamil Nadu,Tiruchirapalli Trichy,11.4,0,41.4,31.8,79,31.5,0.6,104.9,156,166.3,126.4,11.2
88,2007,11,Tamil Nadu,Tiruchirapalli Trichy,0,1,0,46.2,83.4,50.8,36.1,140.2,36.7,179.4,47.4,259.9
88,2008,11,Tamil Nadu,Tiruchirapalli Trichy,8.4,22,111.2,15.6,66.9,4,108,85.2,61.9,168.6,353.3,53.7
88,2009,11,Tamil Nadu,Tiruchirapalli Trichy,7.6,0,3.6,19.2,28.8,21.1,8.4,109.4,92.4,32.4,269,83.9
88,2010,11,Tamil Nadu,Tiruchirapalli Trichy,7.5,0,0,1.7,131.5,62.3,46,81,124.5,128.1,282.2,97.9
88,2011,11,Tamil Nadu,Tiruchirapalli Trichy,1.9,3.2,2.9,78.1,16.7,-1,-1,-1,-1,-1,-1,-1
88,2012,11,Tamil Nadu,Tiruchirapalli Trichy,7.9,8.3,35.9,28,8.9,0,0,0.4,0,198,99,33.4
88,2013,11,Tamil Nadu,Tiruchirapalli Trichy,0.8,5.7,14.4,1.6,42.2,5.4,1.3,83.3,117.9,85.5,127.1,37.7
88,2014,11,Tamil Nadu,Tiruchirapalli Trichy,0,4,0.1,1.2,128.8,13.3,13.4,65.7,50.3,143.5,76.3,39.3
88,2015,11,Tamil Nadu,Tiruchirapalli Trichy,10.2,2,0.4,103.8,107.5,24.9,13.1,56.4,102.9,169.9,209.8,63.5
88,2016,11,Tamil Nadu,Tiruchirapalli Trichy,0,0,1.4,0.8,128.6,33.8,114.6,37.7,24.9,100.9,4,27.8
88,2017,11,Tamil Nadu,Tiruchirapalli Trichy,24.7,0,44.7,3,60.1,18.8,27.2,158,129.7,92.8,68.1,62.8
89,1990,11,Tamil Nadu,Thanjavur,99.5,6.9,55.9,7.8,69.4,13.1,36.2,107.8,167.8,259.6,134.8,106.3
89,1991,11,Tamil Nadu,Thanjavur,54,4,1.2,5.7,0.5,78.9,13.9,60.2,100.8,240.5,442.3,76.3
89,1992,11,Tamil Nadu,Thanjavur,1.6,0,0,11.5,41,56.8,63.8,36.4,156.1,125.8,415.9,100.5
89,1993,11,Tamil Nadu,Thanjavur,0,0,6.3,0.5,15.4,46.1,71.8,55,59.1,307.9,600.4,347.5
89,1994,11,Tamil Nadu,Thanjavur,2.2,67.2,4.6,26.4,59.8,11.4,49.5,58.4,46.1,144.2,285.1,40.4
89,1995,11,Tamil Nadu,Thanjavur,50.7,1.5,13.2,23.8,114.7,68.7,67.1,54.4,84.8,161.2,134,9.5
89,1996,11,Tamil Nadu,Thanjavur,7.6,0,0,80.4,22.6,100.4,27.5,172.2,172,130,195.8,428.7
89,1997,11,Tamil Nadu,Thanjavur,45.6,32.8,37,51.5,87.7,36,108.2,19.2,126.9,200.8,422.8,259.3
89,1998,11,Tamil Nadu,Thanjavur,2.2,1,0,1.3,89.5,12.9,51.2,154.9,132.4,76,271.8,295.9
89,1999,11,Tamil Nadu,Thanjavur,0,22.2,0,46.9,46.5,4.2,11.7,91.9,38.2,205,314.1,43.4
89,2000,11,Tamil Nadu,Thanjavur,66.8,83.7,1.6,25.3,55.6,6.1,7.5,40.6,160.9,125.7,312,188.2
89,2001,11,Tamil Nadu,Thanjavur,4.9,6.6,0,63.6,63.3,14.4,70.6,48.8,130,162.9,173.6,113.3
89,2002,11,Tamil Nadu,Thanjavur,12,195,0,7.9,60.9,89.7,33.8,23.4,46.1,313.2,93.6,50.6
89,2003,11,Tamil Nadu,Thanjavur,0,0,4.4,23.8,37.9,30.1,75.1,219.3,39.8,167.1,285.2,11.1
89,2004,11,Tamil Nadu,Thanjavur,3.9,0.1,1.8,8.7,301.1,16.1,46.4,57.2,234.7,394.7,223.7,20.9
89,2005,11,Tamil Nadu,Thanjavur,0.6,2,9.7,93.4,102.2,7.5,52.6,92.1,150.9,242.3,508.5,202.4
89,2006,11,Tamil Nadu,Thanjavur,11,0,39,28.8,65,30.2,1.8,70.5,150.3,222.1,185.2,37.8
89,2007,11,Tamil Nadu,Thanjavur,0.5,9,0,57.7,46,29.1,36.5,152.7,68.7,278.6,62.5,326.3
89,2008,11,Tamil Nadu,Thanjavur,6.1,17.3,140,3.6,11.1,23.4,58,134.9,39.1,184.1,723.8,107.4
89,2009,11,Tamil Nadu,Thanjavur,19.4,0,18.6,55.4,23.2,5,10.7,137,72.1,65.8,507.9,381.6
89,2010,11,Tamil Nadu,Thanjavur,39.7,0,0,2.5,103.5,44.6,39.9,144.2,162.3,209.3,398.7,229.1
89,2011,11,Tamil Nadu,Thanjavur,18.8,15.8,0,88.8,6.5,-1,-1,-1,-1,-1,-1,-1
89,2012,11,Tamil Nadu,Thanjavur,2.1,0.8,7.3,9.6,13,12.6,31.6,80.5,88.6,334,86.4,19
89,2013,11,Tamil Nadu,Thanjavur,14.5,14.8,53.5,0.8,20.7,24.6,11.5,146.5,117,94.2,131.4,86.2
89,2014,11,Tamil Nadu,Thanjavur,4.2,10.5,0,0.1,131,7.5,51.7,115.9,40.6,233,175.6,140.5
89,2015,11,Tamil Nadu,Thanjavur,1.8,0,6.9,91.9,99.2,28.7,47.1,78.4,55.4,153.1,328.7,212.6
89,2016,11,Tamil Nadu,Thanjavur,0,0,0.2,0.9,130.6,56.1,68.1,99.7,64.7,86.3,50.9,73.1
89,2017,11,Tamil Nadu,Thanjavur,99.5,4,29.7,0.2,30.5,70.7,36.1,237.4,135.3,108.6,221.1,104
90,1990,11,Tamil Nadu,Madurai,195.5,8.1,27.3,11.7,56,23.6,20.7,24,111,181.8,185.6,33.4
90,1991,11,Tamil Nadu,Madurai,46.3,1.2,6.9,75.5,23.8,71.1,21.9,37.3,142.8,204.9,118.1,35.5
90,1992,11,Tamil Nadu,Madurai,1.4,0,0,80.3,102.1,31,55.2,54.6,170.7,142.1,265,42.8
90,1993,11,Tamil Nadu,Madurai,0,13.5,20.9,18.7,63.8,32.4,39.5,104.4,104.1,202.9,353.3,90.8
90,1994,11,Tamil Nadu,Madurai,9.1,23.2,8.3,64.2,88.1,1.6,38.3,58.9,53.8,279.7,152,1.5
90,1995,11,Tamil Nadu,Madurai,10.4,3.7,25.1,64.2,143.9,50.4,63.1,92.7,67.7,158.6,74.2,0.5
90,1996,11,Tamil Nadu,Madurai,12.1,4.6,4.2,116.6,29.6,90.4,52.9,92.7,113.9,248.1,62.9,97.6
90,1997,11,Tamil Nadu,Madurai,7,15.6,13.7,78.4,74.3,61.8,28.7,31.6,79.3,331.6,341.3,124.5
90,1998,11,Tamil Nadu,Madurai,0.2,0,0,18.6,54.3,9.5,67.2,184.9,97.9,124.8,317.1,161.4
90,1999,11,Tamil Nadu,Madurai,0,8.5,0,79.7,68,10.6,22.4,70.5,35.9,271.6,85.5,29.7
90,2000,11,Tamil Nadu,Madurai,16.4,94.2,0,34.8,65,20.1,39.2,66.9,190.3,69.2,101.5,55.3
90,2001,11,Tamil Nadu,Madurai,4.7,4.5,2.2,64.4,20.2,20.3,49.1,22,90.9,153.2,102.8,12.4
90,2002,11,Tamil Nadu,Madurai,0,57.4,9.1,21,50.1,38.6,10.2,59.1,63.6,227.3,103.2,18.8
90,2003,11,Tamil Nadu,Madurai,0,0.8,25.1,70.2,57.8,24.1,81.5,129.6,104.2,224.5,96,2.8
90,2004,11,Tamil Nadu,Madurai,5.5,0,20.2,38.6,156.7,36.4,60.1,19.8,227.4,226.6,116.5,4.6
90,2005,11,Tamil Nadu,Madurai,1.5,3.4,46.1,138.6,128.9,8.4,70.6,95.4,76,280.7,319.2,89.5
90,2006,11,Tamil Nadu,Madurai,8,0,120.7,66,43.3,9,0.1,51.1,84,265.1,160,7.4
90,2007,11,Tamil Nadu,Madurai,8.2,1.9,0,38.2,43,51.7,8.8,117.8,24.5,181.4,84.4,206.7
90,2008,11,Tamil Nadu,Madurai,0.6,20.1,180.3,27.2,71,35.8,57.4,182.7,34.9,252.1,120.4,15.7
90,2009,11,Tamil Nadu,Madurai,8.1,0,55.5,42.8,74.7,42.3,103.7,42.7,81.9,80,274.7,27.8
90,2010,11,Tamil Nadu,Madurai,4.8,0,1.1,67.6,94.8,55.1,48,44.7,153.8,220.3,395.2,140.5
90,2011,11,Tamil Nadu,Madurai,1.6,37.2,5.6,92,54.1,-1,-1,-1,-1,-1,-1,-1
90,2012,11,Tamil Nadu,Madurai,10.8,0,0,49.9,79,5.9,28.2,61.6,91.8,182.3,35.5,3.4
90,2013,11,Tamil Nadu,Madurai,1.2,42.4,50.1,21.4,38.7,21.3,4.4,111.8,52.4,193.9,27.3,45.3
90,2014,11,Tamil Nadu,Madurai,6.1,0,0.4,3.5,183.5,32.5,16,105,73.7,213.3,85,25.2
90,2015,11,Tamil Nadu,Madurai,11.9,0,17.9,158.7,137,44.2,21.9,69.6,128.1,79.2,274.9,59.1
90,2016,11,Tamil Nadu,Madurai,0,0,0.3,15.8,54.1,10.1,99.2,42.2,60.2,162.4,9.5,56.3
90,2017,11,Tamil Nadu,Madurai,32.7,0.5,88,12.8,76.5,39.7,34.9,156.5,176.3,167.3,50.3,68.9
91,1990,11,Tamil Nadu,Ramananthapuram,161.7,0.5,16.3,5.5,83.8,5.5,3.1,29,59.7,275.9,186.9,95
91,1991,11,Tamil Nadu,Ramananthapuram,97.9,14.1,29.6,28.3,5.2,39.9,4.1,20.3,35.8,196.5,151.1,54.6
91,1992,11,Tamil Nadu,Ramananthapuram,0.5,0,0,21.2,39.5,7.8,14.1,23.2,66,132.7,319.8,118
91,1993,11,Tamil Nadu,Ramananthapuram,2.8,2.4,0.5,4.2,23,39.9,8.7,15.4,37.8,243.2,398.6,273.6
91,1994,11,Tamil Nadu,Ramananthapuram,7.4,33.8,3.9,44.1,18.7,5.1,8.8,6.9,14,239.8,264.7,15
91,1995,11,Tamil Nadu,Ramananthapuram,45.7,8.1,7.2,74,53,30,21.9,19,19,124.6,98.5,17.6
91,1996,11,Tamil Nadu,Ramananthapuram,31.4,1.2,1.2,72.2,8.5,61.5,13.8,44.3,70.7,229.2,136.6,188.5
91,1997,11,Tamil Nadu,Ramananthapuram,30.3,18.9,23.1,27.2,25.1,3.1,33.9,11.3,59.1,273.6,351.8,286.9
91,1998,11,Tamil Nadu,Ramananthapuram,38,0.2,0,9.2,118.9,4.2,89,76.6,75.7,91.3,248.2,219.4
91,1999,11,Tamil Nadu,Ramananthapuram,46.5,51.1,0,33.9,21.7,16.6,7.7,39.6,23.4,214.7,126.8,37.2
91,2000,11,Tamil Nadu,Ramananthapuram,98.7,73.4,8,56,14.9,17.8,8.9,25.9,156,115.9,201.9,174
91,2001,11,Tamil Nadu,Ramananthapuram,39.4,15.5,0,162.7,14.5,49.9,33.2,27.2,49.2,146.9,181.9,86.5
91,2002,11,Tamil Nadu,Ramananthapuram,4.5,177.1,0.8,7.9,66.1,12.7,5,6,22.1,279.7,211.5,78.5
91,2003,11,Tamil Nadu,Ramananthapuram,4.1,10.4,21.8,74.9,51.2,22.4,28.7,45.9,21.6,128,284,16.2
91,2004,11,Tamil Nadu,Ramananthapuram,0.3,12.1,3.2,20.5,140.3,6.3,37.4,5.6,180.2,363.7,250.4,96.7
91,2005,11,Tamil Nadu,Ramananthapuram,11.8,25.8,14.1,261.3,60.6,23,48.4,12.9,51.7,267,254,244.2
91,2006,11,Tamil Nadu,Ramananthapuram,23.8,0.1,865,22.4,10.8,5.5,1.4,23.9,46.8,368.8,251.8,14.2
91,2007,11,Tamil Nadu,Ramananthapuram,52,21.8,0.3,33.2,19.9,25.1,32.9,54.2,38.3,230.2,72.2,207.7
91,2008,11,Tamil Nadu,Ramananthapuram,9.2,56.6,376.6,55.7,0,19.9,31.2,75.4,19.1,329.4,311.7,193.1
91,2009,11,Tamil Nadu,Ramananthapuram,18.8,0,24.1,102.1,11.2,1.7,0,16.5,60.1,38.8,264.1,28.2
91,2010,11,Tamil Nadu,Ramananthapuram,0.1,0,0,20.6,73.1,17.9,44.3,88.6,123.3,192.5,390.1,154.1
91,2011,11,Tamil Nadu,Ramananthapuram,16.6,15.4,2,63,7.2,-1,-1,-1,-1,-1,-1,-1
91,2012,11,Tamil Nadu,Ramananthapuram,5,2.2,4.9,31.6,10,0,16.2,27.4,57.2,279.7,53.6,48.7
91,2013,11,Tamil Nadu,Ramananthapuram,28.9,66.6,54.8,12.5,10.9,7.1,6.8,44.8,14.4,85.1,120.3,127.7
91,2014,11,Tamil Nadu,Ramananthapuram,40,15.7,0,3.2,180.6,0,0.2,38.1,46.5,297.2,239.6,74.6
91,2015,11,Tamil Nadu,Ramananthapuram,1.3,2.5,22.6,149,113.9,3.2,23.4,60.5,68.8,131.6,269.7,172.4
91,2016,11,Tamil Nadu,Ramananthapuram,0.9,2.7,1.3,7,84,12.7,25.9,20,42.1,51.1,89.7,50.5
91,2017,11,Tamil Nadu,Ramananthapuram,59.9,7.1,41.4,0,27.9,32.6,19.7,74.6,84.4,64.2,146.9,48
92,1990,11,Tamil Nadu,Thirunelveli,106.5,11.5,44,20.8,23.1,14.9,6.3,9.5,7.1,312.3,234.6,92.1
92,1991,11,Tamil Nadu,Thirunelveli,62.5,19.5,75.5,34.6,34.2,153.8,77.5,7.6,21.2,209,158.8,32.1
92,1992,11,Tamil Nadu,Thirunelveli,4,0,0,75.6,102.2,56.4,54.1,31.7,90.4,153.6,420.6,101.4
92,1993,11,Tamil Nadu,Thirunelveli,0.1,6.1,19.9,41.2,39.6,23.7,23.9,18.6,29.8,182.6,458.6,213.9
92,1994,11,Tamil Nadu,Thirunelveli,42.9,103.4,53.8,132.7,18.4,33.9,67.4,37.6,27.8,209.6,305.1,10.7
92,1995,11,Tamil Nadu,Thirunelveli,38.8,33.8,32.8,99.8,129.5,29.4,20.2,45.5,27.1,164.8,200.4,1.5
92,1996,11,Tamil Nadu,Thirunelveli,27.8,28.2,4.5,97.8,23.1,45.3,29.4,28.9,29.5,208.5,93.4,149.3
92,1997,11,Tamil Nadu,Thirunelveli,12.1,32.4,17.6,62.1,50.9,5,11,13.6,40.5,305.2,440.5,201.6
92,1998,11,Tamil Nadu,Thirunelveli,4.5,0.9,0,11.4,104.4,23.8,58.7,31.9,1.1,70.9,183.1,308.4
92,1999,11,Tamil Nadu,Thirunelveli,6.1,76.9,0.3,32.3,26.2,42.1,12.3,3.2,44.2,179.9,224.9,56.2
92,2000,11,Tamil Nadu,Thirunelveli,53.8,116,19.5,17,19.6,39.3,7.7,75.2,53,19.2,177.2,104.7
92,2001,11,Tamil Nadu,Thirunelveli,63.3,30,17.4,100.5,24.7,28.4,27.1,8.6,21.3,127,179,87.1
92,2002,11,Tamil Nadu,Thirunelveli,6.6,65.3,23.4,74.4,72.6,4.7,4.3,40.3,7.3,210.7,279,17.1
92,2003,11,Tamil Nadu,Thirunelveli,0.6,71.3,64.4,89.5,25.2,118,17.5,13.6,6.8,190.7,303.2,59.5
92,2004,11,Tamil Nadu,Thirunelveli,34.3,14.3,6.1,85.9,128.2,64.6,10,28.8,105.3,238.8,293.1,35.4
92,2005,11,Tamil Nadu,Thirunelveli,5.6,23.5,70,204.7,22.3,18,82.5,17.8,29.5,76,265.8,206.9
92,2006,11,Tamil Nadu,Thirunelveli,69.2,3.2,120.7,28.6,34.9,26.4,26.7,25.4,44,382.9,393.9,21.1
92,2007,11,Tamil Nadu,Thirunelveli,19.8,0.1,7.5,119.7,9.1,94.2,48,31,84.4,152.3,161.2,113
92,2008,11,Tamil Nadu,Thirunelveli,9.4,58.2,400.5,106.4,2.9,11,38.9,74,21.3,315.3,171.3,77.5
92,2009,11,Tamil Nadu,Thirunelveli,8.2,0,28.2,69.9,25.8,1.2,0.7,18.7,33.9,56,386.6,47.9
92,2010,11,Tamil Nadu,Thirunelveli,23.3,0,0,18.9,47.5,26,63.4,15.6,84.6,111.9,291.7,152.2
92,2011,11,Tamil Nadu,Thirunelveli,21.9,52.6,44.7,78,5,-1,-1,-1,-1,-1,-1,-1
92,2012,11,Tamil Nadu,Thirunelveli,40.8,29.9,30.4,61.8,8.5,1,16,12.6,7.3,302.7,139.1,74
92,2013,11,Tamil Nadu,Thirunelveli,2.1,96.8,119.4,24.8,25.5,111.8,50.5,29.2,45.5,57.5,263.8,91.5
92,2014,11,Tamil Nadu,Thirunelveli,60.8,9.6,58,39.4,216.7,8.5,14.1,56.7,39.5,393.4,294.2,159.9
92,2015,11,Tamil Nadu,Thirunelveli,4.9,14.6,76.1,139,102.8,59.5,14.2,10.3,74.8,247.9,522,281.6
92,2016,11,Tamil Nadu,Thirunelveli,5.3,6.8,14,15.4,81.7,75.7,25.1,1.2,0.4,47.3,105.3,33.8
92,2017,11,Tamil Nadu,Thirunelveli,65.9,5,62.5,29.4,86.1,50.1,5.3,40.9,116.3,83.6,344,237.9
93,1990,11,Tamil Nadu,The Nilgiris,64.6,0,13.3,47.5,151,138.5,139,243.2,75.7,345.1,139.2,44.1
93,1991,11,Tamil Nadu,The Nilgiris,19.1,0,6.9,94.6,60.7,272.4,360.3,187.8,126.8,315.8,169.7,3.6
93,1992,11,Tamil Nadu,The Nilgiris,7.1,0,0,39.5,121.7,307.7,427.4,271.7,224.5,144,415.7,13.6
93,1993,11,Tamil Nadu,The Nilgiris,0,5,24.7,9.6,84.8,240,280.9,268.8,95.8,257.9,353.9,104.2
93,1994,11,Tamil Nadu,The Nilgiris,11.9,25.2,13.7,110,84.7,248.8,424.2,142.8,185.3,302.5,242.4,6.6
93,1995,11,Tamil Nadu,The Nilgiris,38.6,0,33.2,53.2,100.5,172.3,314.4,207.6,187.6,141.5,133.3,0.3
93,1996,11,Tamil Nadu,The Nilgiris,1.8,15.1,21.6,107.2,84.2,183.8,254.4,133.8,210.9,225.6,67.1,226.5
93,1997,11,Tamil Nadu,The Nilgiris,38,24.3,38.4,28.5,78.1,116.6,299.8,257.6,114,258,181.5,74.6
93,1998,11,Tamil Nadu,The Nilgiris,0,0.3,7.7,48.7,43.7,299,341.4,170.7,138.5,126.2,190.3,183.9
93,1999,11,Tamil Nadu,The Nilgiris,0,21.9,8.6,96.8,142.5,133.8,334.9,136.1,84.5,465.9,129.8,32.9
93,2000,11,Tamil Nadu,The Nilgiris,28.5,55.9,0,42,74.7,169.1,124.9,331.6,158.4,49.8,73.5,61.9
93,2001,11,Tamil Nadu,The Nilgiris,2.4,1.4,8.2,129.5,44.8,172.6,255.9,179.5,108.6,98.1,89.3,17.9
93,2002,11,Tamil Nadu,The Nilgiris,2.8,8.9,7.2,56.3,84.9,186.5,79,277,60.4,168.1,64,4.6
93,2003,11,Tamil Nadu,The Nilgiris,0,20.4,109.2,66,27.8,160.1,205.5,152.6,58.8,295,164,12.3
93,2004,11,Tamil Nadu,The Nilgiris,32.9,16.3,3.6,65.9,358.4,341.9,109.5,221.1,271.2,326.6,236.5,1.6
93,2005,11,Tamil Nadu,The Nilgiris,20.6,4.5,29.9,197.2,80.6,146.5,451.1,229.5,205.4,239.6,264.4,532
93,2006,11,Tamil Nadu,The Nilgiris,23.8,0,75.6,66.4,182.7,195.6,155.1,139.1,164.1,351.4,271.1,33.6
93,2007,11,Tamil Nadu,The Nilgiris,7.8,28.1,6.4,68.4,104,333,280.4,319,210.2,256.4,78.3,180.8
93,2008,11,Tamil Nadu,The Nilgiris,5,188.6,286.9,52.2,99.7,294.7,353.8,292.2,127.2,423.9,55.3,37.1
93,2009,11,Tamil Nadu,The Nilgiris,1.7,0,98.2,45.8,142.5,8.3,0,95.3,67.3,16.6,354.7,214
93,2010,11,Tamil Nadu,The Nilgiris,13,0,0,0,54.5,271.3,373.1,336,231.3,237.1,307.7,65.1
93,2011,11,Tamil Nadu,The Nilgiris,7.9,59.1,12.6,143.6,71.8,-1,-1,-1,-1,-1,-1,-1
93,2012,11,Tamil Nadu,The Nilgiris,18,0.6,9.1,70.8,55.4,183.1,181.1,266.8,230.5,326.2,104.8,21.2
93,2013,11,Tamil Nadu,The Nilgiris,0.9,16.9,57.9,74.1,114,203.9,288.7,177.2,202.5,215.2,126.5,56.4
93,2014,11,Tamil Nadu,The Nilgiris,1.3,39.8,32.5,35.6,253.7,97.1,328.6,295.7,291.9,348.7,137.4,94.8
93,2015,11,Tamil Nadu,The Nilgiris,1.2,0.3,137.3,140.5,227.7,305.4,93.8,96.7,152.2,152.7,346.2,66.7
93,2016,11,Tamil Nadu,The Nilgiris,12.4,0,4.9,13,102.3,198.4,188.9,72,54.1,50.5,85.1,107.6
93,2017,11,Tamil Nadu,The Nilgiris,58.1,0,115.8,54.2,159.2,128.2,143.3,165.1,294.8,118.1,103.7,128.5
94,1990,11,Tamil Nadu,Kanyakumari,6.3,5.3,48,27.4,210.7,83.2,94.4,15.7,19.8,295.6,377.3,16.9
94,1991,11,Tamil Nadu,Kanyakumari,51.9,25.6,43.9,130.3,62,654.5,219.2,43.6,2.9,274.6,155.6,4.7
94,1992,11,Tamil Nadu,Kanyakumari,17.8,0,0,41.9,192.5,219,123.2,46.1,76.4,309,543.7,45.6
94,1993,11,Tamil Nadu,Kanyakumari,0,11.6,31.2,51.5,57.5,132.2,112.4,16.1,40.8,296.3,452.1,144.7
94,1994,11,Tamil Nadu,Kanyakumari,7.4,47,36,102.9,79.9,103.9,150.1,91.9,69.9,393.2,179.6,11.2
94,1995,11,Tamil Nadu,Kanyakumari,34.1,0.1,22.9,117.6,327.8,75.7,76.9,66.7,77.6,205.9,242.3,0.5
94,1996,11,Tamil Nadu,Kanyakumari,3.4,10.8,5.5,97.4,13.2,164.7,129.3,28.4,98,288.5,164.6,111.8
94,1997,11,Tamil Nadu,Kanyakumari,18.7,21.2,22.2,85.4,117.8,55.2,44.5,51.8,222.3,155.2,250.3,98.2
94,1998,11,Tamil Nadu,Kanyakumari,0,0.2,0,21.5,110,81.6,30,27.8,130.6,394.3,376,186.6
94,1999,11,Tamil Nadu,Kanyakumari,15.4,6.6,2.3,63,144,174.7,62.1,9.6,17.2,128.9,130.1,18.8
94,2000,11,Tamil Nadu,Kanyakumari,5.8,86.4,34.7,43.7,5.6,167.9,19.1,170.1,58.3,54.6,177,24.2
94,2001,11,Tamil Nadu,Kanyakumari,30.2,20.1,2.4,67.8,40,53.3,45.4,9.8,114.5,111.4,104.6,5.4
94,2002,11,Tamil Nadu,Kanyakumari,1.7,17.1,7.2,60.5,109.8,24.8,3.1,47.6,1.4,239.8,335.5,3.1
94,2003,11,Tamil Nadu,Kanyakumari,0,5.1,42.2,67.5,42.9,98.6,40.2,8.8,0.7,130.8,104.8,5.6
94,2004,11,Tamil Nadu,Kanyakumari,1.5,0.3,6.9,80,238.2,163.4,50.5,41,180.8,175.2,97.5,3.8
94,2005,11,Tamil Nadu,Kanyakumari,0.5,0,28.7,273.6,78.6,101.9,162.5,28,96.9,182.6,288.4,78.9
94,2006,11,Tamil Nadu,Kanyakumari,38.6,0,112.9,20.6,138.6,144.1,100.3,57.3,241.6,278,210.6,7.3
94,2007,11,Tamil Nadu,Kanyakumari,1.6,2.2,11.3,196.4,119.9,174.4,131.4,59.6,189.1,231,102.6,14.1
94,2008,11,Tamil Nadu,Kanyakumari,0,50.5,272.5,110.1,25.9,25.1,169.7,156.4,124.1,373,176.5,34.7
94,2009,11,Tamil Nadu,Kanyakumari,0.6,0,85.8,103.1,109.8,124.4,89.2,61,81.2,113,304.7,35.1
94,2010,11,Tamil Nadu,Kanyakumari,50.7,0,13.8,83.6,185.7,119.2,128.9,65.3,70.9,312,405.1,256
94,2011,11,Tamil Nadu,Kanyakumari,49.2,39.6,20.3,111.2,49.2,-1,-1,-1,-1,-1,-1,-1
94,2012,11,Tamil Nadu,Kanyakumari,26.3,4.9,7.3,125.4,15.2,68.4,59.2,93.8,36.9,226.6,122.2,24.6
94,2013,11,Tamil Nadu,Kanyakumari,24.7,70.3,32.3,26.2,64,266.8,114.1,43.6,79,78,325.8,76.6
94,2014,11,Tamil Nadu,Kanyakumari,49.2,16.2,7,41,293.6,47.5,29.3,263.7,73.7,233.1,214.4,47.5
94,2015,11,Tamil Nadu,Kanyakumari,10,12.5,48.5,169.2,260.5,247.9,38.2,32.9,214,382.8,267.8,129.8
94,2016,11,Tamil Nadu,Kanyakumari,0,17.1,14.5,35.8,266.2,241.6,49.7,10.7,3.3,45.5,93.9,15.1
94,2017,11,Tamil Nadu,Kanyakumari,2.1,0,27.1,12.2,113,150.4,16.6,50.5,193.3,155.6,201.5,254.1
506,1990,11,Tamil Nadu,Dharmapuri,14,8.2,34.9,15.5,117.8,10.7,10.7,51,206.2,67,75.4,18.7
506,1991,11,Tamil Nadu,Dharmapuri,12.5,0,0,61.5,55.5,163.4,25.2,47.7,224,321.8,224.4,1.9
506,1992,11,Tamil Nadu,Dharmapuri,1.5,0,0,14.8,69.1,51.3,56.7,48.8,145.3,137.5,127.1,4.4
506,1993,11,Tamil Nadu,Dharmapuri,0,0.4,10,11.4,69.1,80.1,60.5,112,118.7,239.3,89,105.8
506,1994,11,Tamil Nadu,Dharmapuri,0.3,4.4,1,31.7,101.9,11.2,56.8,85.5,109.3,230.8,112.4,4.2
506,1995,11,Tamil Nadu,Dharmapuri,3.5,0,31.6,19.6,159.7,89.4,153.3,207.2,104.4,188.4,81.1,0
506,1996,11,Tamil Nadu,Dharmapuri,0,0,1.7,127.7,71.2,161.2,30,197.1,323.7,180.4,29.7,132.4
506,1997,11,Tamil Nadu,Dharmapuri,4.6,7.4,29.2,85.4,65.8,63.7,47.9,30.2,264.2,241.8,231.5,76
506,1998,11,Tamil Nadu,Dharmapuri,0,0,0.1,27.4,51.2,20.2,98.1,195.7,132.2,137.3,111.7,78.3
506,1999,11,Tamil Nadu,Dharmapuri,0,0.7,0,71.9,116.1,42.2,36.5,74.7,216.7,303.8,117.5,27.1
506,2000,11,Tamil Nadu,Dharmapuri,0,47.8,0,55.6,84.5,12.7,54.7,273.8,255,212.5,47,26.2
506,2001,11,Tamil Nadu,Dharmapuri,0.4,0,5.5,106.6,48.1,11.2,90.5,61.8,287.8,187.4,41.6,24.4
506,2002,11,Tamil Nadu,Dharmapuri,0.9,1.9,12.4,11.7,94.2,56.2,12.7,61.6,98.1,103.3,31.8,13.3
506,2003,11,Tamil Nadu,Dharmapuri,0,0,54,32.1,58.5,43.4,71.9,147.5,114.2,211,62.2,21.9
506,2004,11,Tamil Nadu,Dharmapuri,0,2,3.7,81.9,315.9,35.4,131,18,204.9,189.8,71.1,0
506,2005,11,Tamil Nadu,Dharmapuri,0,0.5,20.3,118.6,83.1,43.6,55.9,119,171.9,340.7,258.8,120.6
506,2006,11,Tamil Nadu,Dharmapuri,3,0,52,27.6,119.4,76.3,12.9,73.3,134.2,171.7,88.5,2
506,2007,11,Tamil Nadu,Dharmapuri,0,0.8,3.6,118.8,51.9,41.3,101.9,147.6,131.1,125.1,66.5,140
506,2008,11,Tamil Nadu,Dharmapuri,2.9,6.2,79.1,25.7,96.4,22.4,70.3,178,77.3,178.1,145.2,6.8
506,2009,11,Tamil Nadu,Dharmapuri,3.8,0,22,17.5,148.6,22.3,9.1,105.8,113,34.5,136.9,36.1
506,2010,11,Tamil Nadu,Dharmapuri,0,0,0,18,116.6,82.4,124.6,146.1,71.8,108.8,299.2,27.7
506,2011,11,Tamil Nadu,Dharmapuri,0,34.5,10.3,172.5,118.1,-1,-1,-1,-1,-1,-1,-1
506,2012,11,Tamil Nadu,Dharmapuri,0,0,0.1,36.6,99.3,31.7,80.8,127.3,59.1,193.8,62.7,28.7
506,2013,11,Tamil Nadu,Dharmapuri,0,22,0.4,29.4,150.4,19.6,19.7,41.1,204.4,201.3,107,6.1
506,2014,11,Tamil Nadu,Dharmapuri,0,5.2,0.4,14.4,138.4,96.3,8,88.1,67.9,280.6,49.5,16.9
506,2015,11,Tamil Nadu,Dharmapuri,25.5,0.6,34.7,92.8,122.7,78.4,8.3,126.6,128.2,117.1,294.2,38.6
506,2016,11,Tamil Nadu,Dharmapuri,0,0,3.3,0,91.3,63.6,156.9,34.2,14.5,48.6,4.4,46.4
506,2017,11,Tamil Nadu,Dharmapuri,8.4,0,35.8,43.6,161.5,16.3,26.3,158.4,201.4,159.4,49.4,45.8
507,1990,11,Tamil Nadu,Periyar(Erode),24.6,5,34.9,35.3,78.5,3.1,3.7,31.3,59,140.5,98.1,11.9
507,1991,11,Tamil Nadu,Periyar(Erode),2.1,1.3,1.3,24.1,35.1,77.8,13.3,31,115.4,165.9,147.2,6.4
507,1992,11,Tamil Nadu,Periyar(Erode),1.7,0,0,11.3,59.6,56.3,45.3,33,203.9,74.3,181.4,7.2
507,1993,11,Tamil Nadu,Periyar(Erode),0,8,8.1,14.3,65.5,49.8,27.6,53.5,50.6,239.3,188.9,57.1
507,1994,11,Tamil Nadu,Periyar(Erode),3.3,17.3,2.4,70.1,75.9,4.7,19.1,17.2,103.5,298.1,200.8,4.4
507,1995,11,Tamil Nadu,Periyar(Erode),14.1,0,14.7,35.2,116.8,25.8,34.4,103.2,50.3,136.5,78.5,0
507,1996,11,Tamil Nadu,Periyar(Erode),0,0,3.2,107.4,45.9,49.4,22.3,103.6,130.6,151.2,71.8,99.8
507,1997,11,Tamil Nadu,Periyar(Erode),7.1,9.9,17.9,55.3,71.7,18.9,27.8,19.9,174.4,170,254.1,63.2
507,1998,11,Tamil Nadu,Periyar(Erode),0,0,1,9.3,44.2,10.9,61,99.4,84.6,41.9,160.4,105.6
507,1999,11,Tamil Nadu,Periyar(Erode),0,0.1,0,66.2,74.3,12,15.1,36.6,32.7,246.6,153.5,27.1
507,2000,11,Tamil Nadu,Periyar(Erode),10.2,29.7,1.1,36.4,31,17.5,4.8,111.9,147.7,60.1,121.2,42.1
507,2001,11,Tamil Nadu,Periyar(Erode),15.3,0.6,3.3,92.9,38.9,12.5,36.8,38.6,81.7,127,99.1,29
507,2002,11,Tamil Nadu,Periyar(Erode),0.7,0.8,1,25.3,47.5,36.5,2.4,10.6,49.5,172.9,56.9,8.2
507,2003,11,Tamil Nadu,Periyar(Erode),0,2.2,60.9,29.4,43.4,13.5,5.6,94.3,22.7,242.1,94.5,10.6
507,2004,11,Tamil Nadu,Periyar(Erode),0.4,1.4,4.4,46.6,275.7,13.1,61.6,18,110.4,206.1,83.7,0.2
507,2005,11,Tamil Nadu,Periyar(Erode),4.6,31.6,30.3,112,137.2,28.1,59.4,63.3,93.6,286,271.1,83.1
507,2006,11,Tamil Nadu,Periyar(Erode),7.9,0,26.5,44.4,58.6,35.5,0.8,55.4,82.8,181.8,200.8,3.6
507,2007,11,Tamil Nadu,Periyar(Erode),0.3,0.3,0.4,49,17,25.2,20.3,69.2,89.2,146.3,79,221.4
507,2008,11,Tamil Nadu,Periyar(Erode),1,26,106.2,32.2,77.5,12.3,52.4,119.9,45.3,184.3,101,23.2
507,2009,11,Tamil Nadu,Periyar(Erode),0,0,66.5,19.3,119,6,23.8,81,98.5,94.9,210.8,18.8
507,2010,11,Tamil Nadu,Periyar(Erode),0.7,0,6.1,17.3,150.7,22.3,87.8,102.5,92.7,113.3,343.1,39
507,2011,11,Tamil Nadu,Periyar(Erode),0,9.9,13.3,121.9,92,-1,-1,-1,-1,-1,-1,-1
507,2012,11,Tamil Nadu,Periyar(Erode),1,0,0,61.3,63.1,14.3,34.7,60.9,75.1,179.1,49.1,6.1
507,2013,11,Tamil Nadu,Periyar(Erode),0,33.1,0.9,43.5,37.4,55.3,6.4,83.2,88.2,135.7,58.6,15.7
507,2014,11,Tamil Nadu,Periyar(Erode),0,0,2,3.9,74.9,26.5,35.6,92.7,131.5,328.2,48.4,19.2
507,2015,11,Tamil Nadu,Periyar(Erode),1.2,0,19.8,104.6,104.2,49.3,4.8,74.1,99.4,127.8,247.6,21.7
507,2016,11,Tamil Nadu,Periyar(Erode),0,0,0.3,14.4,45.1,49.7,65,41.6,18.1,34.1,14,26.8
507,2017,11,Tamil Nadu,Periyar(Erode),10.8,0,43.9,69,145.5,22,12.3,89.8,187,101.6,34.4,60.4
508,1990,11,Tamil Nadu,Pudukkottai,96.9,0,24.7,11.9,46.8,31,45.8,47.1,101,121.5,69.1,53.2
508,1991,11,Tamil Nadu,Pudukkottai,23.3,11.5,0,18.1,6,64.1,9.2,49.9,99.8,181.3,150.5,27.5
508,1992,11,Tamil Nadu,Pudukkottai,0.8,0,0,12.6,21.7,45.8,51.5,66.2,159.4,138,273.6,40.1
508,1993,11,Tamil Nadu,Pudukkottai,0,4.9,4.8,10.3,21,96.6,93,81.5,78.5,148.8,383.2,197.9
508,1994,11,Tamil Nadu,Pudukkottai,2.5,19,1.3,28.2,41.4,14,47.5,54.8,53.8,194.6,177.3,13.3
508,1995,11,Tamil Nadu,Pudukkottai,19,2.2,6.1,12.2,99.4,60.3,49.2,56.5,38.7,126.6,79.8,1.7
508,1996,11,Tamil Nadu,Pudukkottai,6.3,0,0,51.6,15.2,57.5,29.9,142.5,167.6,98.6,53,254.8
508,1997,11,Tamil Nadu,Pudukkottai,14,15.8,19.5,11.4,43.9,49.6,57.5,35.2,94.1,171.1,325.8,109.5
508,1998,11,Tamil Nadu,Pudukkottai,3.7,0,0,14.5,79.1,33.4,74.5,178.5,96.6,110.8,217.6,202.6
508,1999,11,Tamil Nadu,Pudukkottai,0,7.4,0,50.9,68.2,17.2,27.7,53,53.9,193.7,151.5,38
508,2000,11,Tamil Nadu,Pudukkottai,22.1,20.9,0,33.5,55.7,10.5,53,52.6,187.5,111.3,184.3,83.5
508,2001,11,Tamil Nadu,Pudukkottai,4,0.4,0,50.8,29.7,32.6,70.2,76.6,122.7,149.3,185.4,38.9
508,2002,11,Tamil Nadu,Pudukkottai,0.4,137.5,0,0,62.5,84.5,36.4,51.4,51.2,317.1,87.1,31.1
508,2003,11,Tamil Nadu,Pudukkottai,0,0.7,6,36.5,66.3,32.5,47.6,253.2,73,206.3,172.5,48.9
508,2004,11,Tamil Nadu,Pudukkottai,0,0,4.6,0,283.2,34.4,75.9,23,256.2,252.4,189.4,18.2
508,2005,11,Tamil Nadu,Pudukkottai,0.4,39.7,5.4,60.6,46.6,19.9,70,64.2,193.8,177.9,474.7,156.7
508,2006,11,Tamil Nadu,Pudukkottai,4.2,0,45.3,42.5,37.4,63.8,10,94.1,57.4,203.9,211.1,26.1
508,2007,11,Tamil Nadu,Pudukkottai,0.2,1.9,0,15.2,28.5,31.9,45,199.1,32.8,174.9,40.4,240.6
508,2008,11,Tamil Nadu,Pudukkottai,7.7,55.2,161.6,12.2,6.1,44.5,64.4,145.8,37.3,155.3,329.8,59.9
508,2009,11,Tamil Nadu,Pudukkottai,13.7,0,3.5,38.9,38.5,20.1,9.3,125.9,114.4,40.1,449.8,320.6
508,2010,11,Tamil Nadu,Pudukkottai,29.8,0,0,10.4,96.6,49.7,50.6,105.4,161.6,107.6,246,140.9
508,2011,11,Tamil Nadu,Pudukkottai,13.7,4.3,6.2,69.2,46.3,-1,-1,-1,-1,-1,-1,-1
508,2012,11,Tamil Nadu,Pudukkottai,2.9,0,0,27.6,33.1,14.4,36.1,107.6,139.5,221.8,55.2,9.4
508,2013,11,Tamil Nadu,Pudukkottai,15.4,19.2,71.3,3.1,15.5,33.8,21.8,133.3,97.6,102.9,51.6,48.3
508,2014,11,Tamil Nadu,Pudukkottai,3.5,4.6,0,0.3,135.4,18.3,18.5,140.4,74.3,176.3,119.6,103.6
508,2015,11,Tamil Nadu,Pudukkottai,2.9,3.2,6.1,107.2,125,46.2,53.9,56.5,70.9,163.3,268.1,142.2
508,2016,11,Tamil Nadu,Pudukkottai,0,0,0,0,77.7,32.1,50.1,80.7,70.9,80.1,22.1,57.3
508,2017,11,Tamil Nadu,Pudukkottai,53.9,1.3,34.6,0,19.8,54.8,41.7,217.3,93.5,89.3,88.6,29.6
509,1990,11,Tamil Nadu,Dindigul Anna,162.7,0.3,25.3,7.8,96.2,9.9,27.6,19.9,70.4,134.6,155.1,45
509,1991,11,Tamil Nadu,Dindigul Anna,19,2.7,0.9,68.3,79.7,66.9,7,33.9,157.5,232.4,143.3,23.9
509,1992,11,Tamil Nadu,Dindigul Anna,0,0,0,52.4,65.8,62,34.7,28.1,256.5,179.7,310.6,54.5
509,1993,11,Tamil Nadu,Dindigul Anna,0,2.1,12.1,4.6,60.6,50,13.7,100.8,88.4,241.1,480.4,105
509,1994,11,Tamil Nadu,Dindigul Anna,0.7,7.5,4.3,44.6,105.4,7.1,16.1,23.8,99.2,266.2,255,13.3
509,1995,11,Tamil Nadu,Dindigul Anna,3.8,1.1,19.7,32.1,113.8,39.5,64.8,114,58.6,155.9,101.8,0.3
509,1996,11,Tamil Nadu,Dindigul Anna,19.4,1.7,1,126.1,48,38.5,44.2,147.5,141.3,148.4,57.7,208
509,1997,11,Tamil Nadu,Dindigul Anna,9.3,10.9,16.6,28.9,62.8,88.4,40,16.4,170,303.5,429,112.2
509,1998,11,Tamil Nadu,Dindigul Anna,7.8,0,0,45.2,48.3,25.1,107.4,121.5,113.3,85.8,295,221.9
509,1999,11,Tamil Nadu,Dindigul Anna,0,4.3,1.6,64.3,76.2,11.6,19,42.3,46.1,279.9,172.2,33.7
509,2000,11,Tamil Nadu,Dindigul Anna,36.4,39.9,0.1,35.2,61.8,14.7,31.9,104.5,188.5,67.8,130,140
509,2001,11,Tamil Nadu,Dindigul Anna,26.2,18.7,8.7,108,42.6,22.7,27.6,18.5,129,136.5,130.9,38.3
509,2002,11,Tamil Nadu,Dindigul Anna,2.3,50.4,12.9,6.7,52.3,39.6,20.9,56.8,65.8,289.8,106.4,37.4
509,2003,11,Tamil Nadu,Dindigul Anna,2.7,12.1,41.7,59.7,102.3,67,36.5,133.7,60.1,222,162.1,12.5
509,2004,11,Tamil Nadu,Dindigul Anna,0,0,2.1,68.5,168.3,36.2,61.5,9,266.6,250,174.3,6.2
509,2005,11,Tamil Nadu,Dindigul Anna,20.8,16.2,50.7,154.2,81.2,41.2,67.1,545,84.7,211.6,405.2,124.4
509,2006,11,Tamil Nadu,Dindigul Anna,18.4,0,53.6,54.3,83.4,30.5,2,83.5,109.1,243.9,175.2,5.9
509,2007,11,Tamil Nadu,Dindigul Anna,6.6,2.9,0,37.2,54.3,62.9,32.3,84.2,54,205.2,59.1,325.9
509,2008,11,Tamil Nadu,Dindigul Anna,9.3,29.2,202.9,23.7,71.9,44.4,60.4,188.7,56.3,248.6,131.7,59.4
509,2009,11,Tamil Nadu,Dindigul Anna,6.9,0,17.8,26.4,70.7,1.1,0.1,53.4,55.9,76.1,397.4,184.6
509,2010,11,Tamil Nadu,Dindigul Anna,10.3,0,0.4,26.1,61,71.7,63,54,97.3,293.5,374.5,100.4
509,2011,11,Tamil Nadu,Dindigul Anna,7.5,29.9,8.1,91.2,71.4,-1,-1,-1,-1,-1,-1,-1
509,2012,11,Tamil Nadu,Dindigul Anna,2.6,0.4,3.8,60.3,76.4,19.8,39,64.7,52.4,272.5,29.2,15.3
509,2013,11,Tamil Nadu,Dindigul Anna,0,33.9,34.5,31.3,36.9,23,9.4,50.8,91.8,122.5,47,50.2
509,2014,11,Tamil Nadu,Dindigul Anna,3.2,4.1,11.3,15.1,213.9,30.8,14.8,132.9,122.7,341.7,42.8,61.1
509,2015,11,Tamil Nadu,Dindigul Anna,32.6,0.1,29.2,140.4,190.2,64.8,19.5,40.1,115.7,98.2,289.5,99.1
509,2016,11,Tamil Nadu,Dindigul Anna,0.6,0.3,1.2,7.6,99.2,40.2,76.5,31,17.9,140.1,37.5,50.2
509,2017,11,Tamil Nadu,Dindigul Anna,38.2,0.7,43.5,26.7,81.1,37.6,10.1,146.5,216,175,87.6,62.5
510,1990,11,Tamil Nadu,Virudhunagar Kamarajar,245.6,0.7,33.8,18,30.6,7.4,3.2,37.7,106.5,304.6,186.8,56.5
510,1991,11,Tamil Nadu,Virudhunagar Kamarajar,63.8,1.7,9.3,49.6,46.7,59.9,8.5,6.4,99,175.2,40.5,31.9
510,1992,11,Tamil Nadu,Virudhunagar Kamarajar,12.7,0,0,52.7,90.5,25.8,49.2,44.6,132.8,121.3,252.3,39.9
510,1993,11,Tamil Nadu,Virudhunagar Kamarajar,0.1,13.2,24.1,17.9,96.3,49.5,15.6,64.7,86.9,162.3,297,76.2
510,1994,11,Tamil Nadu,Virudhunagar Kamarajar,12.9,41.3,2.3,75.3,66.6,0,3.8,31.6,65.3,171.9,138.4,4.1
510,1995,11,Tamil Nadu,Virudhunagar Kamarajar,6.7,3.2,18.9,110.6,157.9,32.2,28.7,56.7,26.1,128.6,89.5,0
510,1996,11,Tamil Nadu,Virudhunagar Kamarajar,13.9,38.6,1.4,72.6,32.8,31.6,21.1,105.8,50.2,329.7,60.5,111.7
510,1997,11,Tamil Nadu,Virudhunagar Kamarajar,2.6,22.3,26.7,85.9,94.9,9.7,22.7,9.3,80.7,312,309.6,170
510,1998,11,Tamil Nadu,Virudhunagar Kamarajar,0.5,0,0.6,7.3,32.2,3.2,65.6,82.7,80.2,48.6,321.6,198.5
510,1999,11,Tamil Nadu,Virudhunagar Kamarajar,4.4,24.9,0,69.4,37.9,0,1.4,29.8,68.7,290.9,150.2,27.7
510,2000,11,Tamil Nadu,Virudhunagar Kamarajar,42.7,168.6,2.1,25,43.1,0,10.4,49.5,112.3,24.6,71.6,29.6
510,2001,11,Tamil Nadu,Virudhunagar Kamarajar,55.6,8,16,100.2,27.9,5.5,40.4,3.5,73.4,81.2,201.7,18.7
510,2002,11,Tamil Nadu,Virudhunagar Kamarajar,0,31.2,3.5,44.2,42.5,10.2,1.2,32.8,36.4,202.6,66.8,6.7
510,2003,11,Tamil Nadu,Virudhunagar Kamarajar,0,9.7,41.5,122.5,52.6,29.6,11.9,66.4,41.3,204.7,102.7,6
510,2004,11,Tamil Nadu,Virudhunagar Kamarajar,6.4,4,8,59.1,49.4,14.2,40.3,3.8,135.6,156.4,152.7,9.2
510,2005,11,Tamil Nadu,Virudhunagar Kamarajar,0.6,0,43.2,138.1,50.8,1,28.2,643,41.9,256.9,225.2,143.5
510,2006,11,Tamil Nadu,Virudhunagar Kamarajar,12.4,0,1692,40.6,48.3,10.6,1.2,30.1,46.1,299.2,320,4.1
510,2007,11,Tamil Nadu,Virudhunagar Kamarajar,10.8,0,0,102.6,43.4,37.7,9.6,54.4,22.6,231.5,130.8,151.8
510,2008,11,Tamil Nadu,Virudhunagar Kamarajar,0.8,37.5,270,50.1,37.1,7.2,40.4,81.5,19.8,326.3,139.6,21.4
510,2009,11,Tamil Nadu,Virudhunagar Kamarajar,2.2,0,35.3,39.8,49.3,19.1,13.5,149.5,151.4,34.3,315.4,90.4
510,2010,11,Tamil Nadu,Virudhunagar Kamarajar,4.1,0,0,21.3,93.5,44,21.6,43.8,97.9,173.5,305,77.3
510,2011,11,Tamil Nadu,Virudhunagar Kamarajar,1.7,46.7,34.8,50.7,19.2,-1,-1,-1,-1,-1,-1,-1
510,2012,11,Tamil Nadu,Virudhunagar Kamarajar,23,0.9,1.1,71.4,70,0.2,20.6,34.5,24.8,221.9,38.6,4.1
510,2013,11,Tamil Nadu,Virudhunagar Kamarajar,1.7,40.6,51.5,16.8,20.7,16.8,0.5,130.2,42,137.1,86.9,72.7
510,2014,11,Tamil Nadu,Virudhunagar Kamarajar,3.3,1.7,14.3,20.6,156.3,22.6,10.7,66.3,44.7,160,116.7,31.4
510,2015,11,Tamil Nadu,Virudhunagar Kamarajar,2.5,7.4,23.6,69,108.6,15,30.4,28.6,80.4,105.2,282.6,126.3
510,2016,11,Tamil Nadu,Virudhunagar Kamarajar,3,0,1.7,3.1,77.6,6.9,60,24,25.7,72.5,42.9,57.9
510,2017,11,Tamil Nadu,Virudhunagar Kamarajar,23.2,6.2,38.1,14.2,92.4,10,24.1,122.5,137,125.7,67.6,139
512,1990,11,Tamil Nadu,Sivagangai Pasumpon,164.8,0.3,15.9,25.1,98.3,37,36.7,66.1,182.4,171,154.4,37.8
512,1991,11,Tamil Nadu,Sivagangai Pasumpon,38.8,0.2,0.4,38.9,25.9,80.3,13.2,81,92.8,318,48.3,48.4
512,1992,11,Tamil Nadu,Sivagangai Pasumpon,4.6,0,0,24.6,81.5,35.7,51.5,107.4,142.5,136.6,370.3,50.8
512,1993,11,Tamil Nadu,Sivagangai Pasumpon,0,18.2,2.7,0,43.7,112,79.8,119.2,56.5,166.2,338.6,165.8
512,1994,11,Tamil Nadu,Sivagangai Pasumpon,3,28.8,12.2,72.1,99.2,3.9,67.4,59.7,95.2,311.3,145.8,0.5
512,1995,11,Tamil Nadu,Sivagangai Pasumpon,17.5,4.9,25.3,63.4,152.1,92.5,48.3,76.9,94.3,144.9,88.8,0
512,1996,11,Tamil Nadu,Sivagangai Pasumpon,11.8,0,0,88.1,43.6,90.6,46.6,68.9,125.1,241.1,40.7,118
512,1997,11,Tamil Nadu,Sivagangai Pasumpon,7.4,13.6,6.2,36.7,53.4,57,57,17.4,145.5,190.1,350.9,165.3
512,1998,11,Tamil Nadu,Sivagangai Pasumpon,12.7,0,0,0.3,83.8,4.1,91.9,261.8,78.8,133.4,229.5,152.6
512,1999,11,Tamil Nadu,Sivagangai Pasumpon,0,16.2,0,79.7,47.3,1.9,36,58.4,52.8,236.1,102.8,40.2
512,2000,11,Tamil Nadu,Sivagangai Pasumpon,27.6,84.4,1.3,41.7,60.6,35.7,7.5,102.6,188.8,79.9,112.7,73.1
512,2001,11,Tamil Nadu,Sivagangai Pasumpon,8.8,3.4,2.1,96.2,50.2,13.7,150.5,22.1,52.4,175.2,137.9,23.1
512,2002,11,Tamil Nadu,Sivagangai Pasumpon,4.9,92.5,0,60.7,179,37.4,14.3,118.7,39.3,318.8,145.6,21.6
512,2003,11,Tamil Nadu,Sivagangai Pasumpon,0.3,14,10.7,47.1,89.7,46.8,120.9,150.7,76.6,163.8,92.5,0
512,2004,11,Tamil Nadu,Sivagangai Pasumpon,0,0,6.3,36,156.8,22.1,50.4,51.8,292.9,281.6,182.5,29
512,2005,11,Tamil Nadu,Sivagangai Pasumpon,0,24.1,28.5,144.7,89.6,30.3,78.3,79.3,75.8,310.7,258.8,169.1
512,2006,11,Tamil Nadu,Sivagangai Pasumpon,205,0,702,61.2,52.7,57.7,19.2,68.2,95,257.3,239.6,24.3
512,2007,11,Tamil Nadu,Sivagangai Pasumpon,1.4,4.1,1.3,83.2,90,93.3,19.7,115.2,45.3,117.7,101,214.4
512,2008,11,Tamil Nadu,Sivagangai Pasumpon,0.9,51,255.9,43.8,21.1,65.4,66.3,147.8,52.3,230.2,166.8,59
512,2009,11,Tamil Nadu,Sivagangai Pasumpon,1.4,0,0.6,74.4,48.1,15.3,54.1,30,27.9,115,405.4,133
512,2010,11,Tamil Nadu,Sivagangai Pasumpon,35.9,0.1,4.6,43.2,36.6,76.8,91.9,82,245.3,203.8,236.3,98.5
512,2011,11,Tamil Nadu,Sivagangai Pasumpon,6,11.7,3.1,67.4,35.9,-1,-1,-1,-1,-1,-1,-1
512,2012,11,Tamil Nadu,Sivagangai Pasumpon,5.7,0.3,2.4,30.4,68.5,6,51.8,83.4,87.3,258.4,35.3,9.5
512,2013,11,Tamil Nadu,Sivagangai Pasumpon,13.2,46,52.7,0.6,78.3,34.2,21,177.9,36.3,146.5,57.3,60.8
512,2014,11,Tamil Nadu,Sivagangai Pasumpon,12.4,2.5,1.6,0.1,178.9,6.4,31.1,134,128.5,267.9,119.2,81.7
512,2015,11,Tamil Nadu,Sivagangai Pasumpon,17.1,1.7,29.7,126.5,112.9,57.2,107.1,122.5,81.4,71.9,296.4,93.2
512,2016,11,Tamil Nadu,Sivagangai Pasumpon,0,0,1.3,12.5,157.9,39.4,94.9,134.4,111.4,65.3,21.5,72.3
512,2017,11,Tamil Nadu,Sivagangai Pasumpon,73.5,1.1,39.3,9.8,58.2,127.7,89.2,184,125.5,118.3,82.9,58.1
513,1990,11,Tamil Nadu,Chidambanar Toothukudi,161.1,0.4,29.6,0,15.2,0,0,10.9,18.7,274.3,254.5,59.9
513,1991,11,Tamil Nadu,Chidambanar Toothukudi,61.7,4.6,47.6,17.2,15,44.8,15.6,0.7,44.9,247,153.5,18.2
513,1992,11,Tamil Nadu,Chidambanar Toothukudi,22.7,0,0,13.4,55.6,2,9.2,9.6,53.1,117.2,309.3,103.2
513,1993,11,Tamil Nadu,Chidambanar Toothukudi,0.7,4,12.8,36.7,24.6,11.7,4.4,7.6,35.3,107.9,330.6,236.9
513,1994,11,Tamil Nadu,Chidambanar Toothukudi,26.8,53.6,17.4,75.9,19.4,0.7,5.8,12,32.3,200.9,195,8.1
513,1995,11,Tamil Nadu,Chidambanar Toothukudi,30,23.4,66.9,105.6,69,1.4,6.7,19.7,36.6,100.7,45,2.6
513,1996,11,Tamil Nadu,Chidambanar Toothukudi,23.5,2.8,6.6,58.2,15.6,16.6,5.8,32.8,80.5,227.9,76,60.9
513,1997,11,Tamil Nadu,Chidambanar Toothukudi,5.6,23.1,14,33,105.2,0,4.9,7.3,16.7,216.4,259.1,314.2
513,1998,11,Tamil Nadu,Chidambanar Toothukudi,10.3,0.2,0,17.7,83.2,2.8,56.2,19.5,33.4,37.3,190.6,260.5
513,1999,11,Tamil Nadu,Chidambanar Toothukudi,11.6,44.1,1.2,6,7.2,1.7,10,4.2,18.7,176.5,94.8,36.2
513,2000,11,Tamil Nadu,Chidambanar Toothukudi,33.7,122.5,21.6,32,12.3,12.1,21.8,28.7,50.1,43.1,178.6,133.5
513,2001,11,Tamil Nadu,Chidambanar Toothukudi,20,50.3,0.9,93.3,23.6,5.5,12.1,1.2,38.7,143.1,111.4,32.7
513,2002,11,Tamil Nadu,Chidambanar Toothukudi,6.1,59.3,5.5,33.9,72.4,3.9,2.5,3.7,17.6,192.8,146.8,17.4
513,2003,11,Tamil Nadu,Chidambanar Toothukudi,0.3,59.6,32.8,58.5,21.1,16.5,5.6,10.2,15.8,96.9,215.8,6.8
513,2004,11,Tamil Nadu,Chidambanar Toothukudi,15.2,26.5,4.7,24.7,79.2,2,5.3,4.4,139.4,250.5,251.6,49.3
513,2005,11,Tamil Nadu,Chidambanar Toothukudi,9.1,50.9,19.9,130.8,16.7,0.7,19.6,14.9,13.2,993,235,119.3
513,2006,11,Tamil Nadu,Chidambanar Toothukudi,36.1,0,92.5,26.3,21.1,6,0.4,7.9,47.8,309.8,337.2,24.7
513,2007,11,Tamil Nadu,Chidambanar Toothukudi,32.2,8,0.6,56.8,7,11.4,30.9,37.9,21.5,196.2,111.9,62.3
513,2008,11,Tamil Nadu,Chidambanar Toothukudi,3.8,91.1,264.6,58.9,0.4,3.3,9,49.9,3.5,349.6,180,54.5
513,2009,11,Tamil Nadu,Chidambanar Toothukudi,6.8,0,16.8,79.5,17,184,635.6,233.9,211.7,161.5,658.1,73.4
513,2010,11,Tamil Nadu,Chidambanar Toothukudi,17.6,2.5,19,60.3,111,4.4,7.9,29.3,67.9,97,300.9,125.6
513,2011,11,Tamil Nadu,Chidambanar Toothukudi,2.3,11.4,1.9,39.8,4.3,-1,-1,-1,-1,-1,-1,-1
513,2012,11,Tamil Nadu,Chidambanar Toothukudi,2.9,0,0.2,46.2,79.7,24.5,28.3,82.3,68.9,218.6,69.5,5.8
513,2013,11,Tamil Nadu,Chidambanar Toothukudi,10.1,35.4,32.6,12.8,4.5,0.9,0.4,5.1,7.4,72,152.8,76.8
513,2014,11,Tamil Nadu,Chidambanar Toothukudi,24.4,7,16.7,5.5,137.2,7.8,2,20,22.1,334.7,186.9,64
513,2015,11,Tamil Nadu,Chidambanar Toothukudi,2.4,7.2,33.5,41.2,68.4,15,1,12.7,31.3,134.3,367.7,162.4
513,2016,11,Tamil Nadu,Chidambanar Toothukudi,0,3.4,18.7,3.8,27,3.7,11.9,1.1,1.9,39,106.4,13.4
513,2017,11,Tamil Nadu,Chidambanar Toothukudi,18.5,0.3,16.6,0.6,19.5,1.2,1.9,32.3,70,45.8,153,154.8
521,1990,11,Tamil Nadu,Thiruvannamalai,0,0,0,0,0,16.3,53.4,117.3,159.1,105.6,138.8,47.9
521,1991,11,Tamil Nadu,Thiruvannamalai,4.3,0.5,0,11.8,5.2,150.5,16.2,137.4,151.9,268.7,371.1,14.8
521,1992,11,Tamil Nadu,Thiruvannamalai,8.3,0,0,6.1,24.2,29,64.9,52.9,118.1,157.9,303,18.7
521,1993,11,Tamil Nadu,Thiruvannamalai,0,2.1,0.8,0,39.4,60.8,52.1,86,172.9,156.9,251.5,147.5
521,1994,11,Tamil Nadu,Thiruvannamalai,1.4,2.4,0,3.2,68.6,26.5,86.2,195.9,115.2,213.7,323.3,43.9
521,1995,11,Tamil Nadu,Thiruvannamalai,29.7,0.4,19.2,4,239.2,136.3,113.5,180.4,163.8,135.8,44.7,0
521,1996,11,Tamil Nadu,Thiruvannamalai,0,0.2,0,56.4,38.7,224.1,47.6,189.6,329.9,189,121.5,429.6
521,1997,11,Tamil Nadu,Thiruvannamalai,8.8,10.1,4.2,24.5,55.7,84.9,54,75.7,162.1,247.8,271.4,161.6
521,1998,11,Tamil Nadu,Thiruvannamalai,0,0,0,1.4,49.4,4.6,29.7,138.8,141.3,170.1,261.3,142.8
521,1999,11,Tamil Nadu,Thiruvannamalai,0.9,0,0,12.9,44.4,15,16.1,96.5,74.3,174.4,142.4,70.8
521,2000,11,Tamil Nadu,Thiruvannamalai,0.8,52.1,0,6.1,68.3,69,43.5,96.7,186.3,198.8,108.5,77
521,2001,11,Tamil Nadu,Thiruvannamalai,0.7,0,0,43,39,24.2,120.5,63.1,188.7,237.3,51.4,64.5
521,2002,11,Tamil Nadu,Thiruvannamalai,4.3,1,0,1.4,92,75.4,41.3,52.6,75,168.3,115.1,62.1
521,2003,11,Tamil Nadu,Thiruvannamalai,0,0,39.4,20.5,27.4,36.4,216.5,337.5,163.3,214.5,109.2,13.9
521,2004,11,Tamil Nadu,Thiruvannamalai,0,0,0,56.5,453.7,39.1,166.2,8.9,346.8,233.9,149.4,1.1
521,2005,11,Tamil Nadu,Thiruvannamalai,0,6,15.2,66.6,100.9,35.4,73.1,112.4,225.6,316.6,314.3,169.7
521,2006,11,Tamil Nadu,Thiruvannamalai,3.5,0,37,19.5,36,96.7,23.5,91.8,154.8,243.6,155.8,63.3
521,2007,11,Tamil Nadu,Thiruvannamalai,0,27.7,0,54.2,23.2,79.2,170.5,163.8,72.4,245.9,77.9,278
521,2008,11,Tamil Nadu,Thiruvannamalai,14.2,9,97.2,27.9,59.2,57.6,88.8,111.9,142.7,186.6,315.1,40.3
521,2009,11,Tamil Nadu,Thiruvannamalai,6.4,0,1,0,31.1,44.5,17.5,120.7,251.7,17.4,154.1,67.3
521,2010,11,Tamil Nadu,Thiruvannamalai,9.5,0,0,19.7,112.4,107.9,114.4,113.5,175.5,115.3,350.6,188.7
521,2011,11,Tamil Nadu,Thiruvannamalai,0.6,44.6,0,79.7,26.3,-1,-1,-1,-1,-1,-1,-1
521,2012,11,Tamil Nadu,Thiruvannamalai,0,0,0.1,14.2,42.6,28.8,171.7,187.9,110.2,263.9,141.4,99.7
521,2013,11,Tamil Nadu,Thiruvannamalai,0,4,14.7,2,55.7,33.6,54.7,167.2,149.7,179.3,135,17.2
521,2014,11,Tamil Nadu,Thiruvannamalai,0,10,0,0,94.9,67.4,68.9,149.2,160,123.3,66.2,59.4
521,2015,11,Tamil Nadu,Thiruvannamalai,0,0,1.8,114.7,61,81.3,92.1,175.8,124.9,127.3,326.4,142
521,2016,11,Tamil Nadu,Thiruvannamalai,9,0,0,0,84.1,103.5,116.3,95.9,103.3,64.8,6.1,101.6
521,2017,11,Tamil Nadu,Thiruvannamalai,47,0,4.9,3.4,49.2,55.6,69.1,366.5,130.7,276.5,80.4,168
542,1993,11,Tamil Nadu,Nagapattinam,0,7.1,10.5,7.1,25.3,34.6,61.6,75.8,86.2,302.8,593.7,459.9
542,1994,11,Tamil Nadu,Nagapattinam,18.9,100.6,0.4,11.4,29.9,1.1,33.7,27.4,27.2,130.4,449.1,121.1
542,1995,11,Tamil Nadu,Nagapattinam,75.3,4.8,20.7,19.4,156.4,59.2,86.6,44.6,92.3,218.7,290.2,47.2
542,1996,11,Tamil Nadu,Nagapattinam,9.7,0,0,47.3,20,150.3,27.3,163.4,168.7,148.6,425.2,496.6
542,1998,11,Tamil Nadu,Nagapattinam,0,0,0,0,0,7.4,27,115,81.5,114.9,401.7,519.4
542,1999,11,Tamil Nadu,Nagapattinam,21.6,82.2,0.3,49.6,49.6,73,33.1,30.5,42.3,285,480.6,131.7
542,2000,11,Tamil Nadu,Nagapattinam,213.2,180.8,1,18,7.5,34,12.1,54.9,99.7,148.9,390.7,203.3
542,2001,11,Tamil Nadu,Nagapattinam,6,0,0,43.7,89.9,50.6,63,57.3,87,204,268.3,345.8
542,2002,11,Tamil Nadu,Nagapattinam,64.3,274.4,0,0,32.2,35.3,41.1,19.9,51,368.5,282,127.2
542,2003,11,Tamil Nadu,Nagapattinam,8.9,0.6,14.4,19.6,29.5,25,82.2,89.8,60.5,209.9,492.3,84.4
542,2004,11,Tamil Nadu,Nagapattinam,9.5,4.7,10.3,0,337.4,1.4,38.1,71.2,236.3,639.5,378.5,67.3
542,2005,11,Tamil Nadu,Nagapattinam,2.8,0,8,190,28.3,6.1,34.7,88.4,161.9,216.1,821,128.8
542,2006,11,Tamil Nadu,Nagapattinam,36.7,0,35.7,52.9,40,17.3,4.8,67.7,90.3,456.3,361.7,80.7
542,2007,11,Tamil Nadu,Nagapattinam,0,36.9,0,14.7,5.9,35.9,54,199.4,72.3,483,159.1,423.4
542,2008,11,Tamil Nadu,Nagapattinam,64.1,12.4,328.6,8.2,33.7,33.7,19.3,66,56.8,247.5,786.5,188.4
542,2009,11,Tamil Nadu,Nagapattinam,58.3,0,176.5,81.8,29.8,28.5,28.7,93.4,108.5,26.8,248.8,26.5
542,2010,11,Tamil Nadu,Nagapattinam,2.7,0,0,47.3,102.1,70.8,31,171.2,113.2,151.7,499.8,390.1
542,2011,11,Tamil Nadu,Nagapattinam,17.3,28,0,56.7,22.2,-1,-1,-1,-1,-1,-1,-1
542,2012,11,Tamil Nadu,Nagapattinam,12,0.1,6.8,3.9,12,8,39.7,46.6,140.3,599.6,104.7,45.1
542,2013,11,Tamil Nadu,Nagapattinam,30.3,23.5,31.2,0.2,8.3,39.6,28.4,144,104.1,107.7,311.3,201.3
542,2014,11,Tamil Nadu,Nagapattinam,13.7,8,0,0,156.7,35,51.6,98.3,35.5,459.8,351.6,204.8
542,2015,11,Tamil Nadu,Nagapattinam,19.8,0,0.3,51.9,109.9,66.1,30.3,62.7,27.9,112.3,783.9,482.6
542,2016,11,Tamil Nadu,Nagapattinam,0.6,0.2,0,0,166.4,53.8,24.2,125.6,41.9,69.2,122,57.4
542,2017,11,Tamil Nadu,Nagapattinam,139.4,6.9,48.7,0,2.7,38.5,39.4,130.1,91,239,704.9,188.4
543,1995,11,Tamil Nadu,Villupuram,0,0,0,0,0,38.9,130.4,106.1,176.1,108,61.6,0
543,1996,11,Tamil Nadu,Villupuram,0,0,0,62.4,2.1,130.7,17.6,217,258.9,122.8,137.4,593.9
543,1998,11,Tamil Nadu,Villupuram,0,0,0,0,0,16.6,63.5,104.1,141.4,195.3,295.3,348.1
543,1999,11,Tamil Nadu,Villupuram,0,0,0,18.8,11.6,21.7,27,37.3,37.9,229,273.8,144.6
543,2000,11,Tamil Nadu,Villupuram,4.1,91.8,0,22,81.7,51.5,34.6,65.4,101.1,152.2,96,72.3
543,2001,11,Tamil Nadu,Villupuram,0,0,0,57.2,34.2,15.3,85.6,82.4,100.8,155.6,86.5,72.6
543,2002,11,Tamil Nadu,Villupuram,21.8,20.5,0,0,58.6,65.7,47,43.3,68,160.8,87.8,94.5
543,2003,11,Tamil Nadu,Villupuram,0,0,19.5,5.3,25.3,20.3,71.4,435,109.3,233.8,269.5,27.5
543,2004,11,Tamil Nadu,Villupuram,22.5,0,0,27,464.3,56,98.8,19.3,354.8,295.1,229.9,0.2
543,2005,11,Tamil Nadu,Villupuram,0,1,53.3,45.8,69.8,15.8,20.3,101.5,188.5,196.2,497.5,194.5
543,2006,11,Tamil Nadu,Villupuram,5.9,0,39.6,16,59,91.9,40,118.1,102.3,312.2,212,75.1
543,2007,11,Tamil Nadu,Villupuram,0,4.8,0,14,30,18.8,103.3,191.5,60.8,355.2,114.6,307.1
543,2008,11,Tamil Nadu,Villupuram,36,85.9,128,19.6,84.4,37.3,69.1,101.1,85,241,486.8,43.6
543,2009,11,Tamil Nadu,Villupuram,3,0,23.8,0,20.5,29.7,38.9,119.8,89.6,74.6,607.3,278.6
543,2010,11,Tamil Nadu,Villupuram,41.3,0,0,0,71.6,120.6,44.6,168.5,187.4,113.6,447.8,193.6
543,2011,11,Tamil Nadu,Villupuram,8.6,15.3,0,94.1,10.3,-1,-1,-1,-1,-1,-1,-1
543,2012,11,Tamil Nadu,Villupuram,7.3,0,0,0.1,6.4,27,83.7,146.8,106.4,359.5,119.3,41.9
543,2013,11,Tamil Nadu,Villupuram,0.1,5.8,18.1,1,13.9,33.2,53.6,188.2,129,123.3,137.5,86.8
543,2014,11,Tamil Nadu,Villupuram,0,14,0,0,115.2,91.1,48.4,160.1,120.5,218.6,121.6,73.7
543,2015,11,Tamil Nadu,Villupuram,3,0,0,87.6,68.1,14.5,76.8,113.3,84,78.6,554.9,292.5
543,2016,11,Tamil Nadu,Villupuram,0,0.2,0,0,88.7,53.2,125.1,73.4,77.9,89.5,11.1,74.7
543,2017,11,Tamil Nadu,Villupuram,40.2,0,8.2,0,41.6,72.2,73.9,190.1,105.1,226.5,174.8,134.4
999,1990,11,Tamil Nadu,Chennai,6.5,2.9,16,0,408,20.3,96.7,55.7,195,573.5,309.3,91.9
999,1991,11,Tamil Nadu,Chennai,4,1,0,0,0,263.9,79.3,106.7,189,320.2,466.9,1.5
999,1992,11,Tamil Nadu,Chennai,12.3,0,0,38.6,50.3,6.1,85.9,170.5,80.5,90,535.4,102.3
999,1993,11,Tamil Nadu,Chennai,0,0,2,0,58.1,49.4,72.2,112.1,52.9,258.1,355.1,283.7
999,1994,11,Tamil Nadu,Chennai,0.2,9.8,0,0,75,53.1,77.1,102.7,38.3,402.3,551.1,225.2
999,1995,11,Tamil Nadu,Chennai,172.6,0,32.5,0,304.3,18.9,103.1,256.8,186.7,249.1,274.3,0.9
999,1996,11,Tamil Nadu,Chennai,0.9,0,0,15.8,15,697.5,65.4,77.4,314.5,446.6,333.3,442.5
999,1997,11,Tamil Nadu,Chennai,8.3,8.9,0,50.2,0.6,75.6,40.5,92.1,141.2,265.3,822.1,418.1
999,1998,11,Tamil Nadu,Chennai,1.2,0,1.9,12.6,26.2,34.5,92.3,113.2,62.8,144.9,400.2,226.2
999,1999,11,Tamil Nadu,Chennai,7.6,0.1,0,52.5,9.2,110.2,74.5,188.4,148.6,273.9,176.3,67.5
999,2000,11,Tamil Nadu,Chennai,0.3,211.3,0.7,15.9,20.5,92.7,132.8,68.7,157.5,219.4,183,45.8
999,2001,11,Tamil Nadu,Chennai,0.9,0,0,91.3,16.9,47.7,224.4,55,146,422.9,319.8,281
999,2002,11,Tamil Nadu,Chennai,65.1,3.7,0,0,26,23.6,70.1,133.4,131,356.7,511.7,36.7
999,2003,11,Tamil Nadu,Chennai,0.6,0,10.4,0.4,5.2,38.7,143.6,152.5,130.1,203.1,84.1,59.2
999,2004,11,Tamil Nadu,Chennai,37.7,0,2.6,10.6,232.7,54.6,51,49.7,261.7,329.6,257.7,10.8
999,2005,11,Tamil Nadu,Chennai,1.2,5.9,0.8,122.7,41.7,22.5,121,60.3,121,938.7,603.7,442.1
999,2006,11,Tamil Nadu,Chennai,2.6,0,17.9,10.6,16.1,59.1,100.9,139.2,134.1,646.6,257.9,20.6
999,2007,11,Tamil Nadu,Chennai,0,14.4,0,5.3,1.8,100.1,218.7,196.1,161.7,253.7,99.5,242.8
999,2008,11,Tamil Nadu,Chennai,63.1,11.2,114.2,11.7,0.1,65.1,23,100.5,97.1,347.7,521.1,6.8
999,2009,11,Tamil Nadu,Chennai,-1,0,-1,0,-1,0,0,0,0,0,0,0
999,2010,11,Tamil Nadu,Chennai,0,0,0,0,0,120.2,146,195.1,107.5,164.6,224.2,263.7
999,2011,11,Tamil Nadu,Chennai,11.8,41.8,0,19.4,10,-1,-1,-1,-1,-1,-1,-1
999,2012,11,Tamil Nadu,Chennai,17,0,0.5,0,0,21.2,67.3,94.5,164,394.3,39.2,134.4
999,2013,11,Tamil Nadu,Chennai,0,16.9,25.1,1.9,1.8,40.3,154.7,194.8,210.2,195.4,174.4,93.7
999,2014,11,Tamil Nadu,Chennai,0,7.1,0,0,30.5,141.6,47.3,210.9,129.6,386,182.4,151.2
999,2015,11,Tamil Nadu,Chennai,14,0,0,52.8,6.4,26.4,153.5,120.5,69.5,149,1017.7,447.8
999,2016,11,Tamil Nadu,Chennai,0.5,0,0,0,198.1,109.3,59.6,51.7,275.3,28.8,66.1,247.2
999,2017,11,Tamil Nadu,Chennai,4.5,0,0,0,1.8,58.5,86.6,233.4,71.2,269.8,583.8,84.2
1022,1998,11,Tamil Nadu,Karur,0,0,0,0,0,0,20.9,103.3,24.1,25.3,164.7,99.4
1022,1999,11,Tamil Nadu,Karur,0,0.1,0,53,53.6,7,1.3,23,58.9,189.1,284.3,52.4
1022,2000,11,Tamil Nadu,Karur,1.5,3,1,15.6,36.8,1.5,1.5,60.8,82.8,26,83,17.5
1022,2001,11,Tamil Nadu,Karur,1.5,0,8,38.2,17.2,3.7,17.8,12.8,28.3,86.8,103.8,3.7
1022,2002,11,Tamil Nadu,Karur,0,1,0,3.1,51.8,21.9,0,20.9,67.8,268.4,61.4,0.3
1022,2003,11,Tamil Nadu,Karur,0,0,4.8,4.6,81.3,5.3,15.7,23.1,17.4,246.3,110.9,0.8
1022,2004,11,Tamil Nadu,Karur,0,0,0,34.8,194.8,0,92,4.9,213.4,199.1,79.6,0.6
1022,2005,11,Tamil Nadu,Karur,0,0.7,36,112.4,75.3,14.3,27.3,84.8,37.9,262.7,339.3,112.2
1022,2006,11,Tamil Nadu,Karur,5.8,0,11.2,52.4,37.8,21.5,0,62.6,88.5,150.9,122.9,2.4
1022,2007,11,Tamil Nadu,Karur,0.9,0,0,37.2,40.3,36.3,44.1,76.9,24,171.3,84.4,215
1022,2008,11,Tamil Nadu,Karur,6.6,1.2,128,7.9,76.8,20.1,36,98.3,49.5,179.3,191,37.5
1022,2009,11,Tamil Nadu,Karur,2.1,0,3.8,20.7,50.9,0.6,0.3,67.2,98.5,42.8,257.6,43
1022,2010,11,Tamil Nadu,Karur,1.7,0,0,5.4,120,36.9,76.4,31.3,86.3,99.7,319.7,60.2
1022,2011,11,Tamil Nadu,Karur,0,3,5.8,103.5,30.9,-1,-1,-1,-1,-1,-1,-1
1022,2012,11,Tamil Nadu,Karur,2.1,0.4,0,71.9,80.7,3.5,5.2,45.6,35.9,173.8,64.8,1.2
1022,2013,11,Tamil Nadu,Karur,0,16.3,3.2,9.3,46.6,4.1,0.1,66.2,94.3,113.8,71.9,34.9
1022,2014,11,Tamil Nadu,Karur,0.4,0,0,0.4,95.7,20.7,3.7,67.1,64.5,196.2,43.8,18.8
1022,2015,11,Tamil Nadu,Karur,18.2,0,9.4,104.9,106.3,33.3,0,33.6,117.9,95.3,218.4,46.8
1022,2016,11,Tamil Nadu,Karur,0,0,0.5,2.4,131.5,16.9,78.2,16.1,13.8,24.9,13.2,31.2
1022,2017,11,Tamil Nadu,Karur,17.2,0,49,10.2,68.6,9.8,18.6,132.4,175.3,87.2,54,93.1
1023,1998,11,Tamil Nadu,Namakkal,0,0,0,0,0,5.8,60.3,146.5,79,85.8,148.1,80.4
1023,1999,11,Tamil Nadu,Namakkal,0,0,0,74.6,85.5,39.2,16.6,51.6,84.2,199.3,170.4,20.8
1023,2000,11,Tamil Nadu,Namakkal,0,4.1,3.4,50.5,83.8,21.2,38.7,160.6,172.6,126.5,86.5,5.6
1023,2001,11,Tamil Nadu,Namakkal,0,0,0,70.1,75.8,8.5,65,64,122.3,73.4,76.7,14.6
1023,2002,11,Tamil Nadu,Namakkal,0,2.6,0,2.1,60.7,46.3,8.6,30.6,56.9,145.8,28.9,5.8
1023,2003,11,Tamil Nadu,Namakkal,0,8.7,15.2,22.8,61.7,45.4,40.4,98.9,34.2,167.8,50.1,13.8
1023,2004,11,Tamil Nadu,Namakkal,2.3,0,0,55.5,223.2,36.9,48.1,21.8,104.9,198.3,48.2,0
1023,2005,11,Tamil Nadu,Namakkal,0,2.8,14.1,119.8,94.8,15.6,47.2,137.2,76.6,295.7,251,128.5
1023,2006,11,Tamil Nadu,Namakkal,15,0,272,42.7,84.6,41.9,0.8,83.7,199.1,239.3,115.8,3.2
1023,2007,11,Tamil Nadu,Namakkal,0,0,0,65,61.6,27.6,39.4,141.3,62.8,172.8,45.9,137.6
1023,2008,11,Tamil Nadu,Namakkal,6,0.4,85.4,49.4,103.8,17.6,70,231.6,61.6,116.7,192.4,12.2
1023,2009,11,Tamil Nadu,Namakkal,0,0,25.1,12.2,118.6,64.7,64,165.5,167.9,56.1,142.8,44.7
1023,2010,11,Tamil Nadu,Namakkal,0.6,0,2.8,21.9,129.2,58.6,68.9,100.3,75.8,118.7,258.8,51.5
1023,2011,11,Tamil Nadu,Namakkal,2.2,8.5,4.1,152.8,80.6,-1,-1,-1,-1,-1,-1,-1
1023,2012,11,Tamil Nadu,Namakkal,0.1,0,0,35.3,33.3,1.9,55.6,63.1,84.1,164.3,53.4,0.6
1023,2013,11,Tamil Nadu,Namakkal,0,9.1,1.7,29.5,32.5,64.2,19.6,120.8,112.4,129.5,72,31.1
1023,2014,11,Tamil Nadu,Namakkal,0,0.6,0,21.4,96.2,35.7,34.8,67.3,81.9,195.5,44.8,11.3
1023,2015,11,Tamil Nadu,Namakkal,24.5,1.1,2.7,107.8,75.4,45.2,23.6,65.7,164.3,115,162.3,31.9
1023,2016,11,Tamil Nadu,Namakkal,0,0,0,5.3,85.6,35.4,125.2,49.4,31.3,24.2,7.4,25.9
1023,2017,11,Tamil Nadu,Namakkal,6.3,0,16.8,26.9,98,24,45.1,115.2,194.8,149.8,43.6,63.1
1024,1998,11,Tamil Nadu,Perambular,0,0,0,0,0,3.3,30.8,165.6,137.2,82.7,210.2,235.1
1024,1999,11,Tamil Nadu,Perambular,0,12.3,0,20.7,55.8,23.8,4,84.6,59.9,107.5,309.8,47.5
1024,2000,11,Tamil Nadu,Perambular,2.1,45,0,12.8,33.3,7.1,29.2,32.2,85.9,109.2,156.5,44.7
1024,2001,11,Tamil Nadu,Perambular,0,0,0,25.8,26.8,2.3,58,39.5,47.3,151.6,122.9,69.1
1024,2002,11,Tamil Nadu,Perambular,10.4,47.2,0,0,57.2,112.3,4.8,20.3,141.4,202.5,60,12.2
1024,2003,11,Tamil Nadu,Perambular,0,0,33.5,12.7,83.9,91.3,42.4,260.9,78.9,238.6,228.4,10.5
1024,2004,11,Tamil Nadu,Perambular,1.7,0,0,0,376.8,213,53.8,9.7,221.3,300.7,117.8,6.4
1024,2005,11,Tamil Nadu,Perambular,0,0,20.2,52,114.8,24.3,91.3,103.5,82.6,172.1,481.7,199.8
1024,2006,11,Tamil Nadu,Perambular,9.3,0,33,27,118.8,34,3.3,71,148.2,157.4,129.1,24.4
1024,2007,11,Tamil Nadu,Perambular,0,0,0,56,74.9,59.3,34.8,179.5,38.8,226.5,33.1,205.5
1024,2008,11,Tamil Nadu,Perambular,23.3,22.5,96.8,4.5,59.3,38,33,76,38.1,119.7,459.2,69.2
1024,2009,11,Tamil Nadu,Perambular,9.8,0,9.5,7.8,74,25.3,12,89.3,83.8,29.4,286.8,119.1
1024,2010,11,Tamil Nadu,Perambular,32.5,0,0,0,82,107,18.3,115,86.3,153.8,249.3,95.7
1024,2011,11,Tamil Nadu,Perambular,1.3,0,0,176.3,16.4,-1,-1,-1,-1,-1,-1,-1
1024,2012,11,Tamil Nadu,Perambular,0,0,0,44,34.4,3.1,64.5,31.5,50.5,198.1,68.5,3.5
1024,2013,11,Tamil Nadu,Perambular,0.8,12.3,10.3,16.4,33.9,20.8,5.5,160,153.8,125.3,146.5,40.3
1024,2014,11,Tamil Nadu,Perambular,0,0.3,0,0,182.7,23.6,47.5,167,44.8,241.7,58.9,45.3
1024,2015,11,Tamil Nadu,Perambular,22.3,1,0,123.3,82.2,25.3,28.8,135.3,152.4,155.3,288.7,83.3
1024,2016,11,Tamil Nadu,Perambular,0,0,0,0,168.5,42.5,96.8,47.3,84.3,63.6,29.3,34.3
1024,2017,11,Tamil Nadu,Perambular,24.3,0,41.9,21.8,58.5,68.8,12.5,247.3,223.7,121.1,101.9,83.8
1025,1998,11,Tamil Nadu,Theni,0,0,0,0,0,26.3,68.4,187.1,47.6,69.8,228.8,293.4
1025,1999,11,Tamil Nadu,Theni,0,36.4,0.5,86.8,12.2,4.9,16.2,3.1,77.9,373,168.2,15.3
1025,2000,11,Tamil Nadu,Theni,2.4,134.1,8.3,47.6,32.8,14,3.2,105.5,207.4,51.5,63,59.2
1025,2001,11,Tamil Nadu,Theni,0.8,4.2,10.4,122.2,1.5,2,23.9,0,145.8,291.6,168.3,13.5
1025,2002,11,Tamil Nadu,Theni,0,3.9,76.6,43.8,67.9,0,1.1,50.8,3.5,258.7,205.8,0
1025,2003,11,Tamil Nadu,Theni,0,0,381.8,0,8,0,20.5,32.7,29.6,193,78.8,1.9
1025,2004,11,Tamil Nadu,Theni,0,0,28.2,30.2,34,26.2,17.5,20.3,105,171.6,142.7,0
1025,2005,11,Tamil Nadu,Theni,0,40.5,73.1,146.7,76.8,34.9,50.4,27.9,34.6,275.5,204,158.1
1025,2006,11,Tamil Nadu,Theni,12.5,0,58.7,55.7,79.9,26.8,3,25.4,62.1,221.8,194.6,0
1025,2007,11,Tamil Nadu,Theni,0,0,0,49.3,10.8,81.4,50.8,53.3,51.7,263.2,108.6,204.9
1025,2008,11,Tamil Nadu,Theni,0,36.3,256.2,38.5,29.8,60.5,70.9,140.3,73.3,245.1,59.8,20.3
1025,2009,11,Tamil Nadu,Theni,3.7,0,41.7,54.3,61.2,21.7,13.7,82.1,92.4,89.1,307.1,72.4
1025,2010,11,Tamil Nadu,Theni,4.2,0,4.1,34.5,98.7,80.6,118.9,45.9,95.7,167.7,296.5,48.2
1025,2011,11,Tamil Nadu,Theni,0.5,54.6,21.7,123.2,26.6,-1,-1,-1,-1,-1,-1,-1
1025,2012,11,Tamil Nadu,Theni,25.8,4,4.2,78,40.9,35.3,34.2,66.1,23.9,199.3,80.6,19.8
1025,2013,11,Tamil Nadu,Theni,0.2,44.4,63.5,43,69.8,94.9,90.1,121.9,64.6,149.8,79.2,28.9
1025,2014,11,Tamil Nadu,Theni,2,8.5,39,26.6,161.3,29,73.2,137.5,63,272.9,79.8,46
1025,2015,11,Tamil Nadu,Theni,6.1,12.6,44.6,169.6,173.6,116.5,30,42,177.4,87.6,242.7,70
1025,2016,11,Tamil Nadu,Theni,1.6,1.4,11.8,11.3,67.4,44.8,65.2,15.8,6.1,103.8,21.6,14.9
1025,2017,11,Tamil Nadu,Theni,22.2,0.1,74.1,8.3,64.6,53,23.8,77.9,211.8,139,57.5,84.1
1026,1998,11,Tamil Nadu,Tiruvarur,15.4,7.1,0,0,122,6.7,56,181.1,123.7,82.1,337.3,450.5
1026,1999,11,Tamil Nadu,Tiruvarur,1.8,61.1,0,63.4,49.5,8.6,13,69.2,64.3,252.5,397.7,79.9
1026,2000,11,Tamil Nadu,Tiruvarur,204.5,108.3,2.7,46.5,28.2,1.6,18,32.4,131.6,166.1,346.6,154.9
1026,2001,11,Tamil Nadu,Tiruvarur,7.4,3.3,0,52.7,44.3,28.8,62.9,32.5,88.6,120.1,162.8,178.6
1026,2002,11,Tamil Nadu,Tiruvarur,23.9,235.3,3.4,2.2,34,57.7,10.9,15.3,34.5,297.9,151.1,111.8
1026,2003,11,Tamil Nadu,Tiruvarur,3.7,0,28.5,27.8,44,32.8,92.6,115.6,49.8,195,394.9,33.5
1026,2004,11,Tamil Nadu,Tiruvarur,8,0,2,0,398.4,8.3,4.1,101,351,561.5,324.9,82.9
1026,2005,11,Tamil Nadu,Tiruvarur,0.9,0.3,0.7,1843,28.8,43,51.9,63.1,166,131.4,569.2,105.4
1026,2006,11,Tamil Nadu,Tiruvarur,21.9,0,31.9,54.9,49.7,24.7,0,58,138.9,300.7,317,44.2
1026,2007,11,Tamil Nadu,Tiruvarur,0.1,5.9,0,15.3,42,45.9,49.4,294,122.7,355.8,67.1,416.9
1026,2008,11,Tamil Nadu,Tiruvarur,15.2,30.4,187.8,4,21.7,35.2,37.7,114,31.6,236.1,742.8,143.7
1026,2009,11,Tamil Nadu,Tiruvarur,31.9,0,92.3,63.4,47,7.3,2.6,106.4,42.8,133,671.1,536
1026,2010,11,Tamil Nadu,Tiruvarur,57,0,0.1,10.6,100,103.2,65.2,183.5,180.6,186.5,540.2,392.1
1026,2011,11,Tamil Nadu,Tiruvarur,30.1,25.4,0,75.9,7.6,-1,-1,-1,-1,-1,-1,-1
1026,2012,11,Tamil Nadu,Tiruvarur,0.4,0.1,3.5,5,25.8,17.2,19.9,97.7,122.2,531.8,97.5,32.5
1026,2013,11,Tamil Nadu,Tiruvarur,14.3,24.8,75.2,7.8,49.3,37.7,20.5,162.4,138,68.3,169.4,150.7
1026,2014,11,Tamil Nadu,Tiruvarur,6.3,13.2,0,0.3,180.7,2,119.8,94.8,30.7,333.2,251.8,167.6
1026,2015,11,Tamil Nadu,Tiruvarur,3.5,0,22.2,122.7,126.3,51.4,47.6,61.3,58.1,158,482.1,384.1
1026,2016,11,Tamil Nadu,Tiruvarur,0,0,0,0,187.4,33.5,38.9,78.9,56.7,68.6,89.5,91.9
1026,2017,11,Tamil Nadu,Tiruvarur,123.1,2,11.2,0,19.3,61,60,149.6,120,128.6,363.9,209.3
1027,1998,11,Tamil Nadu,Thiruvallur,0,0,0,0,0,39.2,66.7,100.9,139.8,205.1,371.6,158.9
1027,1999,11,Tamil Nadu,Thiruvallur,3.6,0,0,32.1,49.7,53.5,52.3,146.8,70.5,208,221.7,53.7
1027,2000,11,Tamil Nadu,Thiruvallur,0,185.9,0,5.9,15.5,57.4,62.9,140.7,40.5,149.8,70.7,70.5
1027,2001,11,Tamil Nadu,Thiruvallur,7,0,0,91.1,29,37.7,100.7,92.5,149.5,349.2,185.9,169.3
1027,2002,11,Tamil Nadu,Thiruvallur,39.2,0,0,0,26.5,33.8,96.5,69.4,103.9,202.3,265.7,24.9
1027,2003,11,Tamil Nadu,Thiruvallur,0,0,27.4,15.6,6.9,21.8,166.7,123.6,101.4,253.4,69,54.4
1027,2004,11,Tamil Nadu,Thiruvallur,16.6,0,0,17.4,226.3,42.4,51.4,24.7,233.1,225.7,222.3,2
1027,2005,11,Tamil Nadu,Thiruvallur,0,0,17.1,87.7,18.2,355,108,113.3,207,582.7,415.3,419.9
1027,2006,11,Tamil Nadu,Thiruvallur,2,0,27.2,10.2,27.5,81.3,55.1,107.3,185.5,430.5,173.3,64.1
1027,2007,11,Tamil Nadu,Thiruvallur,0,2.5,0,13.2,31.3,84.1,201.3,249.6,134.7,252.2,97.7,258
1027,2008,11,Tamil Nadu,Thiruvallur,57.2,11.4,137.6,0.8,30.4,105.6,89.4,90.2,135,239,482.3,18.8
1027,2009,11,Tamil Nadu,Thiruvallur,11.4,0,0,0,15,22.3,48.7,120,132,57.9,505.2,174
1027,2010,11,Tamil Nadu,Thiruvallur,1,0,0,4.4,91.3,101.5,280.3,279.6,155.8,133.1,207.2,177.9
1027,2011,11,Tamil Nadu,Thiruvallur,1.3,44.6,0,43.3,26.3,-1,-1,-1,-1,-1,-1,-1
1027,2012,11,Tamil Nadu,Thiruvallur,8.3,0,0.2,8.7,15.5,37.4,127.1,127.4,155,272.5,129.6,151
1027,2013,11,Tamil Nadu,Thiruvallur,0.1,55.1,21.1,22.5,15.8,92.2,128.8,151.7,240,189.1,121.1,29.7
1027,2014,11,Tamil Nadu,Thiruvallur,0.7,0.8,0,0,24.6,81.3,77.3,135.6,130.6,220,157.4,109.7
1027,2015,11,Tamil Nadu,Thiruvallur,0.8,0,1.3,53.2,38.8,48.7,150,170.4,86.1,177.2,908,384.8
1027,2016,11,Tamil Nadu,Thiruvallur,1.2,0,0,0,158.6,149.2,54,18.1,185.4,5.3,28,214.4
1027,2017,11,Tamil Nadu,Thiruvallur,6,0,1.7,0,14.1,60.8,111.9,227.3,103.3,279.9,335.5,62.4
1077,2009,11,Tamil Nadu,Ariyalur,0,0,0,0,0,30.5,21.2,33.2,119.7,33,295.6,150.1
1077,2010,11,Tamil Nadu,Ariyalur,1.5,0,0,11.1,117.8,48.2,40.8,150.5,89.9,187.1,392.1,179.9
1077,2011,11,Tamil Nadu,Ariyalur,28,1.3,0,76,17,-1,-1,-1,-1,-1,-1,-1
1077,2012,11,Tamil Nadu,Ariyalur,10.5,0,8.5,0.8,33.7,5.5,30.8,139.7,125.9,236.7,65.6,11.3
1077,2013,11,Tamil Nadu,Ariyalur,0,7.3,6.5,11.5,11.5,3.7,7.7,169.1,164.7,73.7,159.3,52.8
1077,2014,11,Tamil Nadu,Ariyalur,0,1,0,0,128.5,9,80.5,93.3,25.8,182.6,90.4,88
1077,2015,11,Tamil Nadu,Ariyalur,4.5,0,0.5,42.7,66.8,40.2,125.2,51.2,46.6,153.1,372.2,155.9
1077,2016,11,Tamil Nadu,Ariyalur,0,0,0,0,89.4,28.2,91.2,141.9,57.5,61.9,30.2,36.4
1077,2017,11,Tamil Nadu,Ariyalur,108.3,0,18.5,0,25.2,98.9,58.3,192.5,199.7,140.7,206.2,144.8
1080,2003,11,Tamil Nadu,Krishnagiri,0,0,0,0,0,0,0,0,0,0,0,0
1080,2004,11,Tamil Nadu,Krishnagiri,0,0,0,0,0,0,0,0,0,0,0,0
1080,2005,11,Tamil Nadu,Krishnagiri,0,0,0,0,0,54.3,78,96.7,178.3,418,170.7,592
1080,2006,11,Tamil Nadu,Krishnagiri,0,0,46.4,21,63,108.8,7,77.3,38.4,126.1,79.9,6.6
1080,2007,11,Tamil Nadu,Krishnagiri,0,1.9,0.6,93.6,96.9,48.5,117.8,113.6,114.6,192.5,46.6,106.9
1080,2008,11,Tamil Nadu,Krishnagiri,2.7,3.5,112.1,24.2,101.9,37.3,115.7,176.4,110.5,208.6,102,3.9
1080,2009,11,Tamil Nadu,Krishnagiri,0.4,0,11.3,48.3,157.4,76.5,11.6,107.5,184.2,44.9,145.4,54
1080,2010,11,Tamil Nadu,Krishnagiri,1.2,0,2.3,38.9,146.2,61.2,129.8,97.5,79.4,119.9,274.7,10.6
1080,2011,11,Tamil Nadu,Krishnagiri,0,37.1,3.8,89.3,97.5,-1,-1,-1,-1,-1,-1,-1
1080,2012,11,Tamil Nadu,Krishnagiri,0,0,4.9,40.5,107.2,13,85.3,98.9,45.3,196.5,78.7,24.8
1080,2013,11,Tamil Nadu,Krishnagiri,0,7.2,1.2,39.1,105.1,47.2,22.4,95.7,212.9,143.6,83.7,7.9
1080,2014,11,Tamil Nadu,Krishnagiri,0,1.7,7.7,6.5,189.6,77.1,39.6,71.1,84.8,213.1,33.5,32.9
1080,2015,11,Tamil Nadu,Krishnagiri,6.5,2.2,18.9,106.7,114,98.5,16.1,121.2,123.3,135.1,286.7,20.7
1080,2016,11,Tamil Nadu,Krishnagiri,0.2,0,1.9,3.8,144.4,87,185.5,49.1,5.2,34.7,8.5,76.9
1080,2017,11,Tamil Nadu,Krishnagiri,5.7,0,48.7,37.9,198.6,19.1,24.6,189.7,291.7,219,54.5,56.2
2020,2009,11,Tamil Nadu,Thiruppur,0,0,0,0,0,96.6,360.5,115.6,192.7,81.6,203.6,20.9
2020,2010,11,Tamil Nadu,Thiruppur,4,0.8,6.9,33.1,61.5,32.8,29,37.8,64,173.3,285.3,66.1
2020,2011,11,Tamil Nadu,Thiruppur,0,1,15.2,107.2,15.8,-1,-1,-1,-1,-1,-1,-1
2020,2012,11,Tamil Nadu,Thiruppur,1.7,0,0,65.3,21.6,0,17.2,43.1,15.8,155.1,40.5,0
2020,2013,11,Tamil Nadu,Thiruppur,0,38.2,0.5,10.5,24.8,0,0.7,10.8,25.6,101.9,28.1,36.6
2020,2014,11,Tamil Nadu,Thiruppur,0,0,0,0,140.4,4.5,2.5,112.9,122.3,284.4,26.9,32.3
2020,2015,11,Tamil Nadu,Thiruppur,9.2,0,28,158.4,176.5,38.2,3.8,29.5,84.1,64.9,223.9,57.9
2020,2016,11,Tamil Nadu,Thiruppur,0,0,0,12.5,112.5,26.8,20,15.6,18.7,142.8,33.2,29.2
2020,2017,11,Tamil Nadu,Thiruppur,7.6,0,23.8,31.2,51.2,13.6,9.4,77.7,209.7,123.2,75.2,57.2
